ID,artistLabel,artistPage,member of,collective page ,Nationality,Gender,Birth,Death,Wiki QID,ULAN
,1010 1010,https://artbase.rhizome.org/wiki/Q1005,,,,,,,,
,11811,https://artbase.rhizome.org/wiki/Q4757,,,,,,,,
,220hex,https://artbase.rhizome.org/wiki/Q139,,,Norwegian,M,,,,
,6,https://artbase.rhizome.org/wiki/Q340,,,,,,,,
,: O l g a : : M i n k :,https://artbase.rhizome.org/wiki/Q49,,,Dutch,F,1974,,,
,Michele Thursz,,<computerfinearts collection>,https://artbase.rhizome.org/wiki/Q4723,,F,,,,
,A .,https://artbase.rhizome.org/wiki/Q692,,,,,,,,
,A. Andreas,https://artbase.rhizome.org/wiki/Q780,,,Dutch,M,1956,,,
,A. Manley,https://artbase.rhizome.org/wiki/Q35,,,,,,,,
,ANnikA LARSSON,https://artbase.rhizome.org/wiki/Q668,,,Swedish,F,1972,,,500378732
,Aaron Koblin,https://artbase.rhizome.org/wiki/Q560,,,American,M,1982,,,
,Aaron Meyers,https://artbase.rhizome.org/wiki/Q1145,,,,M,,,,
,Aaron Oldenburg,https://artbase.rhizome.org/wiki/Q1118,,,American,M,1979,,,
,Aaron Siegel,https://artbase.rhizome.org/wiki/Q292,,,,M,,,,
,Aaron Zinman,https://artbase.rhizome.org/wiki/Q603,,,American,M,,,,
,Abinadi Meza,https://artbase.rhizome.org/wiki/Q625,,,American,M,1977,,,
,Adam Cruces,https://artbase.rhizome.org/wiki/Q809,,,American,M,1985,,,
,Adam Sammons,https://artbase.rhizome.org/wiki/Q477,,,,M,,,,
,Adam Somlai-Fischer,https://artbase.rhizome.org/wiki/Q111,,,,,,,,
,Adina Glickstein,https://artbase.rhizome.org/wiki/Q12117,,,,,,,,
,Adrian Miles,https://artbase.rhizome.org/wiki/Q119,,,,,,,,
,Adrian Van Allen,https://artbase.rhizome.org/wiki/Q595,,,,,,,,
,Adriana Knouf,https://artbase.rhizome.org/wiki/Q12175,,,,,,,,
,Adriano Santi,https://artbase.rhizome.org/wiki/Q1061,,,,,,,,
,Aisling O' Beirn,https://artbase.rhizome.org/wiki/Q655,,,,,,,,
,Akke Wagenaar,https://artbase.rhizome.org/wiki/Q748,,,,,,,,
,Al Jarnow,https://artbase.rhizome.org/wiki/Q301,,,,,,,,
,Alan Bigelow,https://artbase.rhizome.org/wiki/Q953,,,,,,,,
,Aleksandar Maćašev,https://artbase.rhizome.org/wiki/Q893,,,,,,,,
,Alessandro Ludovico,https://artbase.rhizome.org/wiki/Q9758,,,,,,,,
,Alex Saladin,https://artbase.rhizome.org/wiki/Q681,,,,,,,,
,Alexa Wright,https://artbase.rhizome.org/wiki/Q1154,,,,,,,,
,Alexander Berman,https://artbase.rhizome.org/wiki/Q4853,,,,,,,,
,Alexander Conner,https://artbase.rhizome.org/wiki/Q686,,,,,,,,
,Alexander Galloway,https://artbase.rhizome.org/wiki/Q716,,,,,,,,
,Alexander Mouton,https://artbase.rhizome.org/wiki/Q106,,,,,,,,
,Alexander Sutulov,https://artbase.rhizome.org/wiki/Q87,,,,,,,,
,Alexandre Plennevaux,https://artbase.rhizome.org/wiki/Q1071,,,,,,,,
,Alexandro Ladaga,https://artbase.rhizome.org/wiki/Q172,,,,,,,,
,Alexei Shulgin,https://artbase.rhizome.org/wiki/Q53,,,,,,,,
,Alexey Sokolin,https://artbase.rhizome.org/wiki/Q349,,,,,,,,
,Alexis Lloyd,https://artbase.rhizome.org/wiki/Q853,,,,,,,,
,Alicia Felberbaum,https://artbase.rhizome.org/wiki/Q1119,,,,,,,,
,Alison Clifford,https://artbase.rhizome.org/wiki/Q781,,,,,,,,
,Alyce Santoro,https://artbase.rhizome.org/wiki/Q589,,,,,,,,
,Amelia Marzec,https://artbase.rhizome.org/wiki/Q937,,,,,,,,
,Amir Soltani,https://artbase.rhizome.org/wiki/Q350,,,,,,,,
,Amy Alexander,https://artbase.rhizome.org/wiki/Q402,,,,,,,,
,Amy Youngs,https://artbase.rhizome.org/wiki/Q645,,,,,,,,
,Ana Carvalho,https://artbase.rhizome.org/wiki/Q138,,,,,,,,
,Anders Weberg,https://artbase.rhizome.org/wiki/Q939,,,,,,,,
,Andrea Polli,https://artbase.rhizome.org/wiki/Q285,,,,,,,,
,Andreas Scheuermann,https://artbase.rhizome.org/wiki/Q804,,,,,,,,
,Andrei Thomaz,https://artbase.rhizome.org/wiki/Q435,,,,,,,,
,Andrej Tisma,https://artbase.rhizome.org/wiki/Q1036,,,,,,,,
,Andreja Kuluncic,https://artbase.rhizome.org/wiki/Q4758,,,,,,,,
,Andres Manniste,https://artbase.rhizome.org/wiki/Q962,,,,,,,,
,Andrew Buckland,https://artbase.rhizome.org/wiki/Q331,,,,,,,,
,Andrew Childs,https://artbase.rhizome.org/wiki/Q226,,,,,,,,
,Andrew Norman Wilson,https://artbase.rhizome.org/wiki/Q1096,,,,,,,,
,Andrew Venell,https://artbase.rhizome.org/wiki/Q1122,,,,,,,,
,Andrew Y. Ames,https://artbase.rhizome.org/wiki/Q378,,,,,,,,
,Andy Cox,https://artbase.rhizome.org/wiki/Q676,,,,,,,,
,Andy Deck,https://artbase.rhizome.org/wiki/Q530,,,,,,,,
,Andy Graydon,https://artbase.rhizome.org/wiki/Q4798,,,,,,,,
,Andy Simionato,https://artbase.rhizome.org/wiki/Q4857,,,,,,,,
,Angela Detanico,https://artbase.rhizome.org/wiki/Q271,,,,,,,,
,Angelo Plessas,https://artbase.rhizome.org/wiki/Q984,,,,,,,,
,Angie Waller,https://artbase.rhizome.org/wiki/Q709,,,,,,,,
,Anika Schwarzlose,https://artbase.rhizome.org/wiki/Q12058,,,,,,,,
,Ann-Marie James,https://artbase.rhizome.org/wiki/Q1100,,,,,,,,
,Anna Anthropy,https://artbase.rhizome.org/wiki/Q4672,,,,,,,,
,Anna Dumitriu,https://artbase.rhizome.org/wiki/Q760,,,,,,,,
,Anna Galkina,https://artbase.rhizome.org/wiki/Q436,,,,,,,,
,Annette Weintraub,https://artbase.rhizome.org/wiki/Q906,,,,,,,,
,Annie Abrahams,https://artbase.rhizome.org/wiki/Q390,,,,,,,,
,Annja Krautgasser,https://artbase.rhizome.org/wiki/Q4787,,,,,,,,
,Anthony Antonellis,https://artbase.rhizome.org/wiki/Q181,,,,,,,,
,Anthony Mattox,https://artbase.rhizome.org/wiki/Q913,,,,,,,,
,Antoni Abad,https://artbase.rhizome.org/wiki/Q135,,,,,,,,
,Antoni Kaniowski,https://artbase.rhizome.org/wiki/Q257,,,,,,,,
,Ari Alexenberg,https://artbase.rhizome.org/wiki/Q4772,,,,,,,,
,Ariel Malka,https://artbase.rhizome.org/wiki/Q662,,,,,,,,
,Armelle Aulestia,https://artbase.rhizome.org/wiki/Q775,,,,,,,,
,Aron Sommer,https://artbase.rhizome.org/wiki/Q572,,,,,,,,
,Art Crap,https://artbase.rhizome.org/wiki/Q532,,,,,,,,
,Arti Leimbacher,https://artbase.rhizome.org/wiki/Q503,,,,,,,,
,Arturo Herrera,https://artbase.rhizome.org/wiki/Q960,,,,,,,,
,Arzu Ozkal Telhan,https://artbase.rhizome.org/wiki/Q342,,,,,,,,
,Asha Tamirisa,https://artbase.rhizome.org/wiki/Q12157,,,,,,,,
,Aureliano Pérez Garzón,https://artbase.rhizome.org/wiki/Q380,,,,,,,,
,Aurora Halal,https://artbase.rhizome.org/wiki/Q1077,,,,,,,,
,Axel Antoine,https://artbase.rhizome.org/wiki/Q486,,,,,,,,
,BIC Tizon Dife,https://artbase.rhizome.org/wiki/Q12204,,,,,,,,
,Barbara Agreste,https://artbase.rhizome.org/wiki/Q917,,,,,,,,
,Barbara Campbell,https://artbase.rhizome.org/wiki/Q528,,,,,,,,
,Barbara Lattanzi,https://artbase.rhizome.org/wiki/Q1132,,,,,,,,
,Barbara Todd,https://artbase.rhizome.org/wiki/Q4717,,,,,,,,
,Barry Jones,https://artbase.rhizome.org/wiki/Q1068,,,,,,,,
,Barry Smylie,https://artbase.rhizome.org/wiki/Q1055,,,,,,,,
,Baruch Gottlieb,https://artbase.rhizome.org/wiki/Q4806,,,,,,,,
,Beat Brogle,https://artbase.rhizome.org/wiki/Q4753,,,,,,,,
,Ben Benjamin,https://artbase.rhizome.org/wiki/Q146,,,,,,,,
,Ben Bruneau,https://artbase.rhizome.org/wiki/Q552,,,,,,,,
,Ben Coonley,https://artbase.rhizome.org/wiki/Q1073,,,,,,,,
,Ben Grosser,https://artbase.rhizome.org/wiki/Q1058,,,,,,,,
,Benjamin Domanico,https://artbase.rhizome.org/wiki/Q903,,,,,,,,
,Benoit Blein,https://artbase.rhizome.org/wiki/Q4867,,,,,,,,
,Benoît Maubrey,https://artbase.rhizome.org/wiki/Q834,,,,,,,,
,Beverley Hood,https://artbase.rhizome.org/wiki/Q1025,,,,,,,,
,Bill Berry,https://artbase.rhizome.org/wiki/Q1111,,,,,,,,
,Bill Fisher,https://artbase.rhizome.org/wiki/Q192,,,,,,,,
,Bill Hendricks,https://artbase.rhizome.org/wiki/Q264,,,,,,,,
,Blake Carrington,https://artbase.rhizome.org/wiki/Q279,,,,,,,,
,BlueScreen,https://artbase.rhizome.org/wiki/Q4813,,,,,,,,
,Bob Cotton,https://artbase.rhizome.org/wiki/Q4711,,,,,,,,
,Bob Sturm,https://artbase.rhizome.org/wiki/Q773,,,,,,,,
,Brad Borevitz,https://artbase.rhizome.org/wiki/Q371,,,,,,,,
,Brad Brace,https://artbase.rhizome.org/wiki/Q339,,,,,,,,
,Brad Todd,https://artbase.rhizome.org/wiki/Q696,,,,,,,,
,Bradley Carter,https://artbase.rhizome.org/wiki/Q1141,,,,,,,,
,Brenna Murphy,https://artbase.rhizome.org/wiki/Q578,,,,,,,,
,Bret Nicely,https://artbase.rhizome.org/wiki/Q542,,,,,,,,
,Brian Judy,https://artbase.rhizome.org/wiki/Q521,,,,,,,,
,Brian Khek,https://artbase.rhizome.org/wiki/Q376,,,,,,,,
,Brian Kim Stefans,https://artbase.rhizome.org/wiki/Q267,,,,,,,,
,Brian Mackern,https://artbase.rhizome.org/wiki/Q523,,,,,,,,
,Brian McGrath,https://artbase.rhizome.org/wiki/Q596,,,,,,,,
,Brian Piana,https://artbase.rhizome.org/wiki/Q509,,,,,,,,
,Brigitta Zics,https://artbase.rhizome.org/wiki/Q861,,,,,,,,
,Brooke Singer,https://artbase.rhizome.org/wiki/Q59,,,,,,,,
,Bruce Barber,https://artbase.rhizome.org/wiki/Q833,,,,,,,,
,Bruno Martelli,https://artbase.rhizome.org/wiki/Q507,,,,,,,,
,Burak Arıkan,https://artbase.rhizome.org/wiki/Q747,,,,,,,,
,C. J. Yeh,https://artbase.rhizome.org/wiki/Q66,,,,,,,,
,Carla Diana,https://artbase.rhizome.org/wiki/Q526,,,,,,,,
,Carlo Zanni,https://artbase.rhizome.org/wiki/Q41,,,,,,,,
,Carlos J. Gomez de Llarena,https://artbase.rhizome.org/wiki/Q179,,,,,,,,
,Carme Romero,https://artbase.rhizome.org/wiki/Q4781,,,,,,,,
,Carmen Olmo,https://artbase.rhizome.org/wiki/Q326,,,,,,,,
,Carol Flax,https://artbase.rhizome.org/wiki/Q4676,,,,,,,,
,Carola Unterberger-Probst,https://artbase.rhizome.org/wiki/Q133,,,,,,,,
,Caroline MABY,https://artbase.rhizome.org/wiki/Q1029,,,,,,,,
,Carrie Mandel,https://artbase.rhizome.org/wiki/Q790,,,,,,,,
,Cary Peppermint,https://artbase.rhizome.org/wiki/Q961,,,,,,,,
,Casey Reas,https://artbase.rhizome.org/wiki/Q400,,,,,,,,
,Caterina Davinio,https://artbase.rhizome.org/wiki/Q553,,,,,,,,
,Charles Broskoski,https://artbase.rhizome.org/wiki/Q688,,,,,,,,
,Charles Nelson,https://artbase.rhizome.org/wiki/Q480,,,,,,,,
,Cheryl Donegan,https://artbase.rhizome.org/wiki/Q758,,,,,,,,
,Cheryl Sourkes,https://artbase.rhizome.org/wiki/Q954,,,,,,,,
,Chris Basmajian,https://artbase.rhizome.org/wiki/Q410,,,,,,,,
,Chris Helson,https://artbase.rhizome.org/wiki/Q374,,,,,,,,
,Chris Joseph,https://artbase.rhizome.org/wiki/Q345,,,,,,,,
,Chris Savage,https://artbase.rhizome.org/wiki/Q218,,,,,,,,
,Chris Smith,https://artbase.rhizome.org/wiki/Q431,,,,,,,,
,Chris Sugrue,https://artbase.rhizome.org/wiki/Q4863,,,,,,,,
,Chris Twomey,https://artbase.rhizome.org/wiki/Q768,,,,,,,,
,Christian Croft,https://artbase.rhizome.org/wiki/Q92,,,,,,,,
,Christian Marc Schmidt,https://artbase.rhizome.org/wiki/Q746,,,,,,,,
,Christian Oldham,https://artbase.rhizome.org/wiki/Q4786,,,,,,,,
,Christian Oyarzun,https://artbase.rhizome.org/wiki/Q771,,,,,,,,
,Christian Streinz,https://artbase.rhizome.org/wiki/Q228,,,,,,,,
,Christina Goestl / c++,https://artbase.rhizome.org/wiki/Q294,,,,,,,,
,Christina McPhee,https://artbase.rhizome.org/wiki/Q459,,,,,,,,
,Christina Ray,https://artbase.rhizome.org/wiki/Q629,,,,,,,,
,Christine Goldbeck,https://artbase.rhizome.org/wiki/Q514,,,,,,,,
,Christine Love,https://artbase.rhizome.org/wiki/Q55,,,,,,,,
,Christophe Bruno,https://artbase.rhizome.org/wiki/Q377,,,,,,,,
,Christopher Baker,https://artbase.rhizome.org/wiki/Q826,,,,,,,,
,Christopher Bauder,https://artbase.rhizome.org/wiki/Q1069,,,,,,,,
,Christopher Fahey,https://artbase.rhizome.org/wiki/Q537,,,,,,,,
,Christopher Manzione,https://artbase.rhizome.org/wiki/Q816,,,,,,,,
,Chun-chi Wang,https://artbase.rhizome.org/wiki/Q224,,,,,,,,
,Ciro Múseres,https://artbase.rhizome.org/wiki/Q837,,,,,,,,
,Claire Dinsmore,https://artbase.rhizome.org/wiki/Q763,,,,,,,,
,Claire Evans,https://artbase.rhizome.org/wiki/Q616,,,,,,,,
,Claude Closky,https://artbase.rhizome.org/wiki/Q189,,,,,,,,
,Clemencia Echeverri,https://artbase.rhizome.org/wiki/Q4793,,,,,,,,
,Clement Valla,https://artbase.rhizome.org/wiki/Q1091,,,,,,,,
,Cody Trepte,https://artbase.rhizome.org/wiki/Q353,,,,,,,,
,Colin Goldberg,https://artbase.rhizome.org/wiki/Q268,,,,,,,,
,Colleen Tully,https://artbase.rhizome.org/wiki/Q120,,,,,,,,
,Conor O’Boyle,https://artbase.rhizome.org/wiki/Q864,,,,,,,,
,Constance DeJong,https://artbase.rhizome.org/wiki/Q4816,,,,,,,,
,Cornelia Sollfrank,https://artbase.rhizome.org/wiki/Q38,,,,,,,,
,Cory Arcangel,https://artbase.rhizome.org/wiki/Q206,,,,,,,,
,Cory Clarke,https://artbase.rhizome.org/wiki/Q988,,,,,,,,
,Cynthia Beth Rubin,https://artbase.rhizome.org/wiki/Q164,,,,,,,,
,Cyril T.,https://artbase.rhizome.org/wiki/Q269,,,,,,,,
,DEBRA SWACK,https://artbase.rhizome.org/wiki/Q115,,,,,,,,
,Damon Hamm,https://artbase.rhizome.org/wiki/Q541,,,,,,,,
,Dan Trachtman,https://artbase.rhizome.org/wiki/Q341,,,,,,,,
,Dane,https://artbase.rhizome.org/wiki/Q4849,,,,,,,,
,Daniel C Howe,https://artbase.rhizome.org/wiki/Q555,,,,,,,,
,Daniel Croyle,https://artbase.rhizome.org/wiki/Q418,,,,,,,,
,Daniel Desiderio Paez Castillo,https://artbase.rhizome.org/wiki/Q573,,,,,,,,
,Daniel Garcia Andujar,https://artbase.rhizome.org/wiki/Q1047,,,,,,,,
,Daniel Goodwin,https://artbase.rhizome.org/wiki/Q272,,,,,,,,
,Daniel Green,https://artbase.rhizome.org/wiki/Q1049,,,,,,,,
,Daniel Jolliffe,https://artbase.rhizome.org/wiki/Q1070,,,,,,,,
,Daniel Merlin Goodbrey,https://artbase.rhizome.org/wiki/Q731,,,,,,,,
,Daniel Rourke,https://artbase.rhizome.org/wiki/Q866,,,,,,,,
,Daniel Shiffman,https://artbase.rhizome.org/wiki/Q81,,,,,,,,
,Daniel Temkin,https://artbase.rhizome.org/wiki/Q1022,,,,,,,,
,Dariusz Nowak-Nova,https://artbase.rhizome.org/wiki/Q706,,,,,,,,
,Darrin Martin,https://artbase.rhizome.org/wiki/Q423,,,,,,,,
,Darryl Lauster,https://artbase.rhizome.org/wiki/Q500,,,,,,,,
,Dave Greber,https://artbase.rhizome.org/wiki/Q1078,,,,,,,,
,Dave Miller,https://artbase.rhizome.org/wiki/Q420,,,,,,,,
,David Chien,https://artbase.rhizome.org/wiki/Q825,,,,,,,,
,David Clark,https://artbase.rhizome.org/wiki/Q86,,,,,,,,
,David Colagiovanni,https://artbase.rhizome.org/wiki/Q4851,,,,,,,,
,David Gitt,https://artbase.rhizome.org/wiki/Q4865,,,,,,,,
,David Golumbia,https://artbase.rhizome.org/wiki/Q491,,,,,,,,
,David Hinojosa,https://artbase.rhizome.org/wiki/Q1083,,,,,,,,
,David Jackson,https://artbase.rhizome.org/wiki/Q238,,,,,,,,
,David Kraftsow,https://artbase.rhizome.org/wiki/Q663,,,,,,,,
,David Lee Kollberg,https://artbase.rhizome.org/wiki/Q654,,,,,,,,
,David Vincent,https://artbase.rhizome.org/wiki/Q4767,,,,,,,,
,David Wicks,https://artbase.rhizome.org/wiki/Q284,,,,,,,,
,David Zerah,https://artbase.rhizome.org/wiki/Q880,,,,,,,,
,David jhave Johnston,https://artbase.rhizome.org/wiki/Q613,,,,,,,,
,Dawid Marcinkowski,https://artbase.rhizome.org/wiki/Q4869,,,,,,,,
,Deanna Havas,https://artbase.rhizome.org/wiki/Q796,,,,,,,,
,Deanne Achong,https://artbase.rhizome.org/wiki/Q563,,,,,,,,
,Dejan Sinadinovic,https://artbase.rhizome.org/wiki/Q1152,,,,,,,,
,Denis Santelli,https://artbase.rhizome.org/wiki/Q611,,,,,,,,
,Dennis McNulty,https://artbase.rhizome.org/wiki/Q702,,,,,,,,
,Derek Lerner,https://artbase.rhizome.org/wiki/Q450,,,,,,,,
,Diane Bertolo,https://artbase.rhizome.org/wiki/Q214,,,,,,,,
,Diane Dwyer,https://artbase.rhizome.org/wiki/Q1035,,,,,,,,
,Dietmar Offenhuber,https://artbase.rhizome.org/wiki/Q789,,,,,,,,
,Dina Kelberman,https://artbase.rhizome.org/wiki/Q583,,,,,,,,
,Dion Laurent,https://artbase.rhizome.org/wiki/Q1150,,,,,,,,
,Dirk Vekemans,https://artbase.rhizome.org/wiki/Q646,,,,,,,,
,Don Ritter,https://artbase.rhizome.org/wiki/Q190,,,,,,,,
,Don Sinclair,https://artbase.rhizome.org/wiki/Q691,,,,,,,,
,Doron Golan,https://artbase.rhizome.org/wiki/Q1007,<computerfinearts collection>,https://artbase.rhizome.org/wiki/Q4723,Israeli,M,1952,,,500483359
,Douglas Gast,https://artbase.rhizome.org/wiki/Q924,,,,,,,,
,Dr. Margot Krasojevic,https://artbase.rhizome.org/wiki/Q955,,,,,,,,
,Dr. Woohoo!,https://artbase.rhizome.org/wiki/Q857,,,,,,,,
,Dragan Espenschied,https://artbase.rhizome.org/wiki/Q108,Delirium Arts,https://artbase.rhizome.org/entity/Q12066,,,,,,
,DropBox,https://artbase.rhizome.org/wiki/Q4773,,,,,,,,
,Duncan Holby,https://artbase.rhizome.org/wiki/Q653,,,,,,,,
,Duncan Malashock,https://artbase.rhizome.org/wiki/Q131,,,,,,,,
,Eddo Stern,https://artbase.rhizome.org/wiki/Q309,,,,,,,,
,Eduardo Navas,https://artbase.rhizome.org/wiki/Q512,,,,,,,,
,Edward Tang,https://artbase.rhizome.org/wiki/Q643,,,,,,,,
,Eileen Botsford,https://artbase.rhizome.org/wiki/Q4804,,,,,,,,
,Eleonora Oreggia,https://artbase.rhizome.org/wiki/Q4837,,,,,,,,
,Ellie Harrison,https://artbase.rhizome.org/wiki/Q456,,,,,,,,
,Elliott Malkin,https://artbase.rhizome.org/wiki/Q838,,,,,,,,
,Elna Frederick,https://artbase.rhizome.org/wiki/Q978,,,,,,,,
,Emilie Gervais,https://artbase.rhizome.org/wiki/Q615,,,,,,,,
,Emilie Pitoiset,https://artbase.rhizome.org/wiki/Q50,,,,,,,,
,Emilio Gomariz,https://artbase.rhizome.org/wiki/Q428,,,,,,,,
,Emily Chang,https://artbase.rhizome.org/wiki/Q879,,,,,,,,
,Emily Conrad,https://artbase.rhizome.org/wiki/Q4809,,,,,,,,
,Emma Davis,https://artbase.rhizome.org/wiki/Q620,,,,,,,,
,Enrico Glerean,https://artbase.rhizome.org/wiki/Q4734,,,,,,,,
,Eric Deis,https://artbase.rhizome.org/wiki/Q332,,,,,,,,
,Eric Doeringer,https://artbase.rhizome.org/wiki/Q594,,,,,,,,
,Eric Dymond,https://artbase.rhizome.org/wiki/Q964,,,,,,,,
,Eric Schockmel,https://artbase.rhizome.org/wiki/Q652,,,,,,,,
,Erik Bünger,https://artbase.rhizome.org/wiki/Q672,,,,,,,,
,Erik Loyer,https://artbase.rhizome.org/wiki/Q1012,,,,,,,,
,Erika Lincoln,https://artbase.rhizome.org/wiki/Q868,,,,,,,,
,Erin O'Hara,https://artbase.rhizome.org/wiki/Q1008,,,,,,,,
,Erwin Redl,https://artbase.rhizome.org/wiki/Q1067,,,,,,,,
,Eryk Salvaggio,https://artbase.rhizome.org/wiki/Q846,,,,,,,,
,Esther Hunziker,https://artbase.rhizome.org/wiki/Q109,,,,,,,,
,Etan Ilfeld,https://artbase.rhizome.org/wiki/Q184,,,,,,,,
,Ethan Ham,https://artbase.rhizome.org/wiki/Q239,,,,,,,,
,Ethan Miller,https://artbase.rhizome.org/wiki/Q889,,,,,,,,
,Eugene Thacker,https://artbase.rhizome.org/wiki/Q818,,,,,,,,
,Eugenio Tisselli,https://artbase.rhizome.org/wiki/Q1108,,,,,,,,
,Eva Grubinger,https://artbase.rhizome.org/wiki/Q600,,,,,,,,
,Eva Macali,https://artbase.rhizome.org/wiki/Q12126,,,,,,,,
,Eva Schindling,https://artbase.rhizome.org/wiki/Q1088,,,,,,,,
,Evan Roth,https://artbase.rhizome.org/wiki/Q724,,,,,,,,
,Evelin Stermitz,https://artbase.rhizome.org/wiki/Q647,,,,,,,,
,Faris Kassim,https://artbase.rhizome.org/wiki/Q12162,,,,,,,,
,Felix Drăgan,https://artbase.rhizome.org/wiki/Q182,,,,,,,,
,Fernando Igansi,https://artbase.rhizome.org/wiki/Q159,,,,,,,,
,Fernando Velázquez,https://artbase.rhizome.org/wiki/Q536,,,,,,,,
,Finishing School,https://artbase.rhizome.org/wiki/Q58,,,,,,,,
,Florian Cramer,https://artbase.rhizome.org/wiki/Q9668,,,,,,,,
,Florian Thalhofer,https://artbase.rhizome.org/wiki/Q1159,,,,,,,,
,Francis Alÿs,https://artbase.rhizome.org/wiki/Q186,,,,,,,,
,Frank Plant,https://artbase.rhizome.org/wiki/Q733,,,,,,,,
,Frank Zadlo,https://artbase.rhizome.org/wiki/Q948,,,,,,,,
,Franz Büchinger,https://artbase.rhizome.org/wiki/Q4861,,,,,,,,
,Fred Murie,https://artbase.rhizome.org/wiki/Q1018,,,,,,,,
,Frieder Rusmann,https://artbase.rhizome.org/wiki/Q698,,,,,,,,
,Friederike Paetzold,https://artbase.rhizome.org/wiki/Q588,,,,,,,,
,Fritz Donnelly ,https://artbase.rhizome.org/wiki/Q4785,,,,,,,,
,G.H. Hovagimyan,https://artbase.rhizome.org/wiki/Q368,,,,,,,,
,GARRETT LYNCH,https://artbase.rhizome.org/wiki/Q318,,,,,,,,
,Gabe Sawhney,https://artbase.rhizome.org/wiki/Q4848,,,,,,,,
,Gaia Persico,https://artbase.rhizome.org/wiki/Q367,,,,,,,,
,Galina Manikova,https://artbase.rhizome.org/wiki/Q4858,,,,,,,,
,Gandha Key,https://artbase.rhizome.org/wiki/Q947,,,,,,,,
,Gara Gillentine,https://artbase.rhizome.org/wiki/Q776,,,,,,,,
,Gary Simmons,https://artbase.rhizome.org/wiki/Q280,,,,,,,,
,Gaya Gajewska,https://artbase.rhizome.org/wiki/Q1107,,,,,,,,
,Gebhard Sengmüller,https://artbase.rhizome.org/wiki/Q4860,,,,,,,,
,Gemma San Cornelio,https://artbase.rhizome.org/wiki/Q452,,,,,,,,
,Genco Gulan,https://artbase.rhizome.org/wiki/Q970,,,,,,,,
,Georg Duemlein,https://artbase.rhizome.org/wiki/Q522,,,,,,,,
,Gita Hashemi,https://artbase.rhizome.org/wiki/Q519,,,,,,,,
,Gokcen Erguven,https://artbase.rhizome.org/wiki/Q685,,,,,,,,
,Golan Levin,https://artbase.rhizome.org/wiki/Q1072,,,,,,,,
,Gonzalo Fernández,https://artbase.rhizome.org/wiki/Q899,,,,,,,,
,Gosia Koscielak,https://artbase.rhizome.org/wiki/Q4783,,,,,,,,
,Graham Harwood,https://artbase.rhizome.org/wiki/Q4972,,,,,,,,
,Greg Blonder,https://artbase.rhizome.org/wiki/Q942,,,,,,,,
,Greg Giannis,https://artbase.rhizome.org/wiki/Q1146,,,,,,,,
,Greg Sidal,https://artbase.rhizome.org/wiki/Q916,,,,,,,,
,Grégory Chatonsky,https://artbase.rhizome.org/wiki/Q1128,,,,,,,,
,Guadalupe Rosales,https://artbase.rhizome.org/wiki/Q4883,,,,,,,,
,Gustavo Romano,https://artbase.rhizome.org/wiki/Q97,,,,,,,,
,HANS BERNHARD,https://artbase.rhizome.org/wiki/Q644,,,,,,,,
,Haik Hoisington,https://artbase.rhizome.org/wiki/Q43,,,,,,,,
,Haleh Niazmand,https://artbase.rhizome.org/wiki/Q314,,,,,,,,
,Hannah Rudman,https://artbase.rhizome.org/wiki/Q682,,,,,,,,
,Hannes Gamper,https://artbase.rhizome.org/wiki/Q157,,,,,,,,
,Hans Verhaegen,https://artbase.rhizome.org/wiki/Q1044,,,,,,,,
,Harm Van Den Dorpel,https://artbase.rhizome.org/wiki/Q1028,,,,,,,,
,Heath Bunting,https://artbase.rhizome.org/wiki/Q843,,,,,,,,
,Heeyeon Kil,https://artbase.rhizome.org/wiki/Q12161,,,,,,,,
,Helen Varley Jamieson,https://artbase.rhizome.org/wiki/Q1057,,,,,,,,
,Helio Nunes,https://artbase.rhizome.org/wiki/Q581,,,,,,,,
,Henry Guild,https://artbase.rhizome.org/wiki/Q183,,,,,,,,
,Hestia Peppe,https://artbase.rhizome.org/wiki/Q1021,,,,,,,,
,Hidekazu Minami,https://artbase.rhizome.org/wiki/Q63,,,,,,,,
,Hidenori Watanave,https://artbase.rhizome.org/wiki/Q598,,,,,,,,
,Holly Longstaff,https://artbase.rhizome.org/wiki/Q4832,,,,,,,,
,Hugo ARCIER,https://artbase.rhizome.org/wiki/Q443,,,,,,,,
,Hyunjoo Oh,https://artbase.rhizome.org/wiki/Q4826,,,,,,,,
,IAAAI,https://artbase.rhizome.org/wiki/Q4808,,,,,,,,
,Ian Bogost,https://artbase.rhizome.org/wiki/Q300,,,,,,,,
,Ian Finch,https://artbase.rhizome.org/wiki/Q83,,,,,,,,
,Ian Haig,https://artbase.rhizome.org/wiki/Q408,,,,,,,,
,Ian Page,https://artbase.rhizome.org/wiki/Q130,,,,,,,,
,Ian Wojtowicz,https://artbase.rhizome.org/wiki/Q661,,,,,,,,
,Igor Stromajer,https://artbase.rhizome.org/wiki/Q438,,,,,,,,
,Indira Montoya,https://artbase.rhizome.org/wiki/Q485,,,,,,,,
,Ingrid Ankerson,https://artbase.rhizome.org/wiki/Q847,,,,,,,,
,Irad Lee,https://artbase.rhizome.org/wiki/Q113,,,,,,,,
,Isabel Aranda,https://artbase.rhizome.org/wiki/Q323,,,,,,,,
,Isabel Chang,https://artbase.rhizome.org/wiki/Q732,,,,,,,,
,Isabelle Hayeur,https://artbase.rhizome.org/wiki/Q1089,,,,,,,,
,Ivan Abreu,https://artbase.rhizome.org/wiki/Q39,,,,,,,,
,Ivan Peledov,https://artbase.rhizome.org/wiki/Q142,,,,,,,,
,J. R. Carpenter,https://artbase.rhizome.org/wiki/Q84,,,,,,,,
,Jaanis Garancs,https://artbase.rhizome.org/wiki/Q568,,,,,,,,
,Jack Stenner,https://artbase.rhizome.org/wiki/Q474,,,,,,,,
,Jack Stockholm,https://artbase.rhizome.org/wiki/Q4703,,,,,,,,
,Jacob Masters,https://artbase.rhizome.org/wiki/Q427,,,,,,,,
,Jacob Riddle,https://artbase.rhizome.org/wiki/Q761,,,,,,,,
,Jacqueline Steck,https://artbase.rhizome.org/wiki/Q4687,,,,,,,,
,Jake Tilson,https://artbase.rhizome.org/wiki/Q777,,,,,,,,
,Jakob Sitter,https://artbase.rhizome.org/wiki/Q12130,,,,,,,,
,James Alliban,https://artbase.rhizome.org/wiki/Q1127,,,,,,,,
,James Mercer,https://artbase.rhizome.org/wiki/Q531,,,,,,,,
,James R Ford,https://artbase.rhizome.org/wiki/Q908,,,,,,,,
,James Roussel,https://artbase.rhizome.org/wiki/Q4847,,,,,,,,
,Jan Kather,https://artbase.rhizome.org/wiki/Q842,,,,,,,,
,Jan Robert Leegte,https://artbase.rhizome.org/wiki/Q123,,,,,,,,
,Jane Crayton,https://artbase.rhizome.org/wiki/Q919,,,,,,,,
,Jane Marsching,https://artbase.rhizome.org/wiki/Q894,,,,,,,,
,Janet Cardiff,https://artbase.rhizome.org/wiki/Q1123,,,,,,,,
,Jason Bader,https://artbase.rhizome.org/wiki/Q365,,,,,,,,
,Jason Corace,https://artbase.rhizome.org/wiki/Q997,,,,,,,,
,Jason Freeman,https://artbase.rhizome.org/wiki/Q674,,,,,,,,
,Jason Nelson,https://artbase.rhizome.org/wiki/Q871,,,,,,,,
,Jason Van Anden,https://artbase.rhizome.org/wiki/Q282,,,,,,,,
,Jean Richard,https://artbase.rhizome.org/wiki/Q4738,,,,,,,,
,Jean-Francois Lacombe,https://artbase.rhizome.org/wiki/Q4696,,,,,,,,
,Jean-Paul Tremblay,https://artbase.rhizome.org/wiki/Q168,,,,,,,,
,Jeanie Dean,https://artbase.rhizome.org/wiki/Q973,,,,,,,,
,Jeanie Finlay,https://artbase.rhizome.org/wiki/Q751,,,,,,,,
,Jeanne Strole,https://artbase.rhizome.org/wiki/Q4795,,,,,,,,
,Jeannette Lambert,https://artbase.rhizome.org/wiki/Q392,,,,,,,,
,Jeff Gompertz,https://artbase.rhizome.org/wiki/Q974,,,,,,,,
,Jeff Tancil,https://artbase.rhizome.org/wiki/Q983,,,,,,,,
,Jen Dalton,https://artbase.rhizome.org/wiki/Q582,,,,,,,,
,Jennie Savage,https://artbase.rhizome.org/wiki/Q4782,,,,,,,,
,Jennifer Chan,https://artbase.rhizome.org/wiki/Q1155,,,,,,,,
,Jennifer Schmidt,https://artbase.rhizome.org/wiki/Q357,,,,,,,,
,Jenny Tillotson,https://artbase.rhizome.org/wiki/Q255,,,,,,,,
,Jeong Han Kim,https://artbase.rhizome.org/wiki/Q69,,,,,,,,
,Jeremy Bushnell,https://artbase.rhizome.org/wiki/Q411,,,,,,,,
,Jeremy Hight,https://artbase.rhizome.org/wiki/Q4688,,,,,,,,
,Jeremy Turner,https://artbase.rhizome.org/wiki/Q727,,,,,,,,
,Jeremy Wood,https://artbase.rhizome.org/wiki/Q245,,,,,,,,
,Jerry King Musser,https://artbase.rhizome.org/wiki/Q534,,,,,,,,
,Jess Irish,https://artbase.rhizome.org/wiki/Q717,,,,,,,,
,Jess Loseby,https://artbase.rhizome.org/wiki/Q567,,,,,,,,
,Jesse Malmed,https://artbase.rhizome.org/wiki/Q1130,,,,,,,,
,Jessica Gomula,https://artbase.rhizome.org/wiki/Q1080,,,,,,,,
,Jessica Irish,https://artbase.rhizome.org/wiki/Q188,,,,,,,,
,Jessica Ivins,https://artbase.rhizome.org/wiki/Q824,,,,,,,,
,Jillian Mcdonald,https://artbase.rhizome.org/wiki/Q1048,,,,,,,,
,Jim Andrews,https://artbase.rhizome.org/wiki/Q976,,,,,,,,
,Jim Johnson,https://artbase.rhizome.org/wiki/Q1102,,,,,,,,
,Jimmy Owenns,https://artbase.rhizome.org/wiki/Q782,,,,,,,,
,Jimpalt,https://artbase.rhizome.org/wiki/Q4709,,,,,,,,
,Jimpunk,https://artbase.rhizome.org/wiki/Q801,,,,,,,,
,Jin-Yo Mok,https://artbase.rhizome.org/wiki/Q966,,,,,,,,
,Joanna Berzowska,https://artbase.rhizome.org/wiki/Q221,,,,,,,,
,Joao Felino,https://artbase.rhizome.org/wiki/Q723,,,,,,,,
,Joao Santos,https://artbase.rhizome.org/wiki/Q945,,,,,,,,
,Joao Simoes,https://artbase.rhizome.org/wiki/Q125,,,,,,,,
,Jodi Rose,https://artbase.rhizome.org/wiki/Q175,,,,,,,,
,Jody Zellen,https://artbase.rhizome.org/wiki/Q262,,,,,,,,
,Joel Holmberg,https://artbase.rhizome.org/wiki/Q85,,,,,,,,
,Joelle Bitton,https://artbase.rhizome.org/wiki/Q1147,,,,,,,,
,Johanna Marxer,https://artbase.rhizome.org/wiki/Q4859,,,,,,,,
,Johannes Auer,https://artbase.rhizome.org/wiki/Q795,,,,,,,,
,Johannes P Osterhoff,https://artbase.rhizome.org/wiki/Q798,,,,,,,,
,John Craig Freeman,https://artbase.rhizome.org/wiki/Q467,,,,,,,,
,John F. Simon,https://artbase.rhizome.org/wiki/Q517,,,,,,,,
,John Freyer,https://artbase.rhizome.org/wiki/Q694,,,,,,,,
,John Henry,https://artbase.rhizome.org/wiki/Q366,,,,,,,,
,John Klima,https://artbase.rhizome.org/wiki/Q1148,,,,,,,,
,John Paul Bichard,https://artbase.rhizome.org/wiki/Q95,,,,,,,,
,John Russell,https://artbase.rhizome.org/wiki/Q4879,,,,,,,,
,John Transue,https://artbase.rhizome.org/wiki/Q468,,,,,,,,
,John Vega,https://artbase.rhizome.org/wiki/Q558,,,,,,,,
,Johnny Rogers,https://artbase.rhizome.org/wiki/Q337,,,,,,,,
,Jon Rafman,https://artbase.rhizome.org/wiki/Q641,,,,,,,,
,Jonah Brucker-Cohen,https://artbase.rhizome.org/wiki/Q297,,,,,,,,
,Jonas Downey,https://artbase.rhizome.org/wiki/Q440,,,,,,,,
,Jonas Lund,https://artbase.rhizome.org/wiki/Q551,,,,,,,,
,Jonathan Thirkield,https://artbase.rhizome.org/wiki/Q12180,,,,,,,,
,Jonathan Vingiano,https://artbase.rhizome.org/wiki/Q65,,,,,,,,
,Jonathan Zalben,https://artbase.rhizome.org/wiki/Q679,,,,,,,,
,Jonny Norridge,https://artbase.rhizome.org/wiki/Q506,,,,,,,,
,Jordan Tate,https://artbase.rhizome.org/wiki/Q203,,,,,,,,
,Jordons Francisco,https://artbase.rhizome.org/wiki/Q764,,,,,,,,
,Jorge Hernández,https://artbase.rhizome.org/wiki/Q476,,,,,,,,
,Jorn Ebner,https://artbase.rhizome.org/wiki/Q1065,,,,,,,,
,Jose Insua,https://artbase.rhizome.org/wiki/Q4745,,,,,,,,
,Jose Moriano,https://artbase.rhizome.org/wiki/Q869,,,,,,,,
,Joseph Bowers,https://artbase.rhizome.org/wiki/Q1003,,,,,,,,
,Joseph DeLappe,https://artbase.rhizome.org/wiki/Q1140,,,,,,,,
,Joseph Farbrook,https://artbase.rhizome.org/wiki/Q156,,,,,,,,
,Joseph Gray,https://artbase.rhizome.org/wiki/Q167,,,,,,,,
,Joseph Rabie,https://artbase.rhizome.org/wiki/Q153,,,,,,,,
,Josephine Dorado,https://artbase.rhizome.org/wiki/Q839,,,,,,,,
,Josh Nimoy,https://artbase.rhizome.org/wiki/Q495,,,,,,,,
,Joshua L. Davis,https://artbase.rhizome.org/wiki/Q322,,,,,,,,
,Joshua Strebel,https://artbase.rhizome.org/wiki/Q430,,,,,,,,
,Joshua White,https://artbase.rhizome.org/wiki/Q1121,,,,,,,,
,Juan Manuel Patiño,https://artbase.rhizome.org/wiki/Q220,,,,,,,,
,Judith Fegerl,https://artbase.rhizome.org/wiki/Q276,,,,,,,,
,Judy Malloy,https://artbase.rhizome.org/wiki/Q330,,,,,,,,
,Julia Weist,https://artbase.rhizome.org/wiki/Q82,,,,,,,,
,Julian Bleecker,https://artbase.rhizome.org/wiki/Q405,,,,,,,,
,Julian Scaff,https://artbase.rhizome.org/wiki/Q117,,,,,,,,
,Juliana Sato Yamashita,https://artbase.rhizome.org/wiki/Q673,,,,,,,,
,Julien Demeuzois,https://artbase.rhizome.org/wiki/Q636,,,,,,,,
,Juliet Ann Martin,https://artbase.rhizome.org/wiki/Q274,,,,,,,,
,Juliet Davis,https://artbase.rhizome.org/wiki/Q1006,,,,,,,,
,Jung-Hua,https://artbase.rhizome.org/wiki/Q4716,,,,,,,,
,Jurgen Trautwein,https://artbase.rhizome.org/wiki/Q502,,,,,,,,
,Justin Simoni,https://artbase.rhizome.org/wiki/Q591,,,,,,,,
,K. Frost,https://artbase.rhizome.org/wiki/Q4737,,,,,,,,
,Kai Altmann,https://artbase.rhizome.org/wiki/Q1098,,,,,,,,
,Karen Ingram,https://artbase.rhizome.org/wiki/Q388,,,,,,,,
,Karin Jervert,https://artbase.rhizome.org/wiki/Q225,,,,,,,,
,Karl Cleveland,https://artbase.rhizome.org/wiki/Q671,,,,,,,,
,Karl Heinz Jeron,https://artbase.rhizome.org/wiki/Q752,,,,,,,,
,Karolina Sobecka,https://artbase.rhizome.org/wiki/Q1160,,,,,,,,
,Kate Armstrong,https://artbase.rhizome.org/wiki/Q412,,,,,,,,
,Kate Southworth,https://artbase.rhizome.org/wiki/Q67,,,,,,,,
,Katherine Green,https://artbase.rhizome.org/wiki/Q935,,,,,,,,
,Kathy Rae Huffman,https://artbase.rhizome.org/wiki/Q772,,,,,,,,
,Katie Bush,https://artbase.rhizome.org/wiki/Q810,,,,,,,,
,Katie Lips,https://artbase.rhizome.org/wiki/Q1110,,,,,,,,
,Katya Moorman,https://artbase.rhizome.org/wiki/Q905,,,,,,,,
,Kayle Brandon,https://artbase.rhizome.org/wiki/Q4715,,,,,,,,
,Kazys Varnelis,https://artbase.rhizome.org/wiki/Q363,,,,,,,,
,Keith Peters,https://artbase.rhizome.org/wiki/Q171,,,,,,,,
,Keith Whittle,https://artbase.rhizome.org/wiki/Q909,,,,,,,,
,Ken Goldberg,https://artbase.rhizome.org/wiki/Q333,,,,,,,,
,Ken Marchionno,https://artbase.rhizome.org/wiki/Q232,,,,,,,,
,Kendall Bruns,https://artbase.rhizome.org/wiki/Q46,,,,,,,,
,Kenji Kojima,https://artbase.rhizome.org/wiki/Q277,,,,,,,,
,Kenneth Hung,https://artbase.rhizome.org/wiki/Q143,,,,,,,,
,Kentaro Yamada,https://artbase.rhizome.org/wiki/Q246,,,,,,,,
,Kerstin Weiberg,https://artbase.rhizome.org/wiki/Q608,,,,,,,,
,Kerstin von Locquenghien,https://artbase.rhizome.org/wiki/Q4768,,,,,,,,
,Kevin Carter,https://artbase.rhizome.org/wiki/Q207,,,,,,,,
,Kevin Hamilton,https://artbase.rhizome.org/wiki/Q426,,,,,,,,
,Kevin Patton,https://artbase.rhizome.org/wiki/Q4819,,,,,,,,
,Kim Asendorf,https://artbase.rhizome.org/wiki/Q158,,,,,,,,
,Kim Beck,https://artbase.rhizome.org/wiki/Q449,,,,,,,,
,Kim Stringfellow,https://artbase.rhizome.org/wiki/Q265,,,,,,,,
,Kimberly Simpson,https://artbase.rhizome.org/wiki/Q352,,,,,,,,
,Kiran Subbaiah,https://artbase.rhizome.org/wiki/Q605,,,,,,,,
,Kit Hughes,https://artbase.rhizome.org/wiki/Q152,,,,,,,,
,Kit Webster,https://artbase.rhizome.org/wiki/Q1158,,,,,,,,
,Klaas van Gorkum,https://artbase.rhizome.org/wiki/Q700,,,,,,,,
,Komar and Melamid,https://artbase.rhizome.org/wiki/Q154,,,,,,,,
,Krista Connerly,https://artbase.rhizome.org/wiki/Q849,,,,,,,,
,Krister Olsson,https://artbase.rhizome.org/wiki/Q304,,,,,,,,
,Kristin Lucas,https://artbase.rhizome.org/wiki/Q657,,,,,,,,
,Krystal South,https://artbase.rhizome.org/wiki/Q197,,,,,,,,
,Kurt Baumann,https://artbase.rhizome.org/wiki/Q940,,,,,,,,
,L. van Munster,https://artbase.rhizome.org/wiki/Q607,,,,,,,,
,Lacie Garnes,https://artbase.rhizome.org/wiki/Q979,,,,,,,,
,Lalo Hernandez Diez,https://artbase.rhizome.org/wiki/Q381,,,,,,,,
,Lance Shields,https://artbase.rhizome.org/wiki/Q965,,,,,,,,
,Lara Bank,https://artbase.rhizome.org/wiki/Q51,,,,,,,,
,Lars Cuzner,https://artbase.rhizome.org/wiki/Q1097,,,,,,,,
,Lars Wikstr,https://artbase.rhizome.org/wiki/Q163,,,,,,,,
,Laura Floyd,https://artbase.rhizome.org/wiki/Q490,,,,,,,,
,Laure-Anne Jacobs,https://artbase.rhizome.org/wiki/Q407,,,,,,,,
,Laurent Padiou,https://artbase.rhizome.org/wiki/Q4868,,,,,,,,
,Laurent Ziegler,https://artbase.rhizome.org/wiki/Q204,,,,,,,,
,Lee Walton,https://artbase.rhizome.org/wiki/Q1019,,,,,,,,
,Lenara Verle,https://artbase.rhizome.org/wiki/Q597,,,,,,,,
,Leon Tan,https://artbase.rhizome.org/wiki/Q941,,,,,,,,
,Leonard Clagett,https://artbase.rhizome.org/wiki/Q994,,,,,,,,
,Leonel Moura,https://artbase.rhizome.org/wiki/Q1027,,,,,,,,
,Lev Manovich,https://artbase.rhizome.org/wiki/Q554,,,,,,,,
,Lew Baldwin,https://artbase.rhizome.org/wiki/Q475,,,,,,,,
,Lewis LaCook,https://artbase.rhizome.org/wiki/Q584,,,,,,,,
,Liam Gillick,https://artbase.rhizome.org/wiki/Q4729,,,,,,,,
,Lilia Perez Romero,https://artbase.rhizome.org/wiki/Q1081,,,,,,,,
,Lina Dorado,https://artbase.rhizome.org/wiki/Q614,,,,,,,,
,Lina Rodriguez,https://artbase.rhizome.org/wiki/Q928,,,,,,,,
,Linda Lauro-Lazin,https://artbase.rhizome.org/wiki/Q303,,,,,,,,
,Lindsay Lawson,https://artbase.rhizome.org/wiki/Q369,,,,,,,,
,Lisa Bloomfield,https://artbase.rhizome.org/wiki/Q455,,,,,,,,
,Lisa Hutton,https://artbase.rhizome.org/wiki/Q312,,,,,,,,
,Lisa Jevbratt,https://artbase.rhizome.org/wiki/Q1112,,,,,,,,
,Lisa Stansbie,https://artbase.rhizome.org/wiki/Q730,,,,,,,,
,Livia Foldes,https://artbase.rhizome.org/wiki/Q12144,,,,,,,,
,Liz Franko,https://artbase.rhizome.org/wiki/Q128,,,,,,,,
,LoZ from Provisoire,https://artbase.rhizome.org/wiki/Q386,,,,,,,,
,Loboy,https://artbase.rhizome.org/wiki/Q4850,,,,,,,,
,Lowell Robinson,https://artbase.rhizome.org/wiki/Q892,,,,,,,,
,Luca Bertini,https://artbase.rhizome.org/wiki/Q4780,,,,,,,,
,Luca D'Angelo,https://artbase.rhizome.org/wiki/Q404,,,,,,,,
,Lucas Bambozzi,https://artbase.rhizome.org/wiki/Q769,,,,,,,,
,Luce Sibilla Balzarini,https://artbase.rhizome.org/wiki/Q742,,,,,,,,
,Lucia Leao,https://artbase.rhizome.org/wiki/Q1059,,,,,,,,
,Luis Cantillo,https://artbase.rhizome.org/wiki/Q497,,,,,,,,
,Luis Confraria,https://artbase.rhizome.org/wiki/Q391,,,,,,,,
,Luis M Cordeiro,https://artbase.rhizome.org/wiki/Q622,,,,,,,,
,Luke Duncalfe,https://artbase.rhizome.org/wiki/Q4807,,,,,,,,
,Luke Munn,https://artbase.rhizome.org/wiki/Q527,,,,,,,,
,Lumi Tan,https://artbase.rhizome.org/wiki/Q4678,,,,,,,,
,Lunographe,https://artbase.rhizome.org/wiki/Q4712,,,,,,,,
,Léon Cullinane,https://artbase.rhizome.org/wiki/Q356,,,,,,,,
,M. Leaf-Tierney,https://artbase.rhizome.org/wiki/Q354,,,,,,,,
,MARS PATENT,https://artbase.rhizome.org/wiki/Q315,,,,,,,,
,Maciej Wisniewski,https://artbase.rhizome.org/wiki/Q166,,,,,,,,
,Mads Skovbjerg Paldam,https://artbase.rhizome.org/wiki/Q910,,,,,,,,
,Manfred Mohr,https://artbase.rhizome.org/wiki/Q483,,,,,,,,
,Manuel Fernández,https://artbase.rhizome.org/wiki/Q800,,,,,,,,
,Manuel Razzari,https://artbase.rhizome.org/wiki/Q791,,,,,,,,
,Marc Lee,https://artbase.rhizome.org/wiki/Q231,,,,,,,,
,Marcello Mazzella,https://artbase.rhizome.org/wiki/Q547,,,,,,,,
,Marcus Vinicius Fainer Bastos,https://artbase.rhizome.org/wiki/Q433,,,,,,,,
,Marcy Palmer,https://artbase.rhizome.org/wiki/Q778,,,,,,,,
,Marek Walczak,https://artbase.rhizome.org/wiki/Q986,,,,,,,,
,Margaret Penney,https://artbase.rhizome.org/wiki/Q793,,,,,,,,
,Margot Lovejoy,https://artbase.rhizome.org/wiki/Q445,,,,,,,,
,Mari Keski-Korsu,https://artbase.rhizome.org/wiki/Q37,,,,,,,,
,Maria Lavman,https://artbase.rhizome.org/wiki/Q703,,,,,,,,
,Maria Saraceno,https://artbase.rhizome.org/wiki/Q819,,,,,,,,
,Maria del Carmen Montoya,https://artbase.rhizome.org/wiki/Q4818,,,,,,,,
,Mariam Ghani,https://artbase.rhizome.org/wiki/Q902,,,,,,,,
,Marientina Gotsis,https://artbase.rhizome.org/wiki/Q460,,,,,,,,
,Marika Dermineur,https://artbase.rhizome.org/wiki/Q482,,,,,,,,
,Marina Zerbarini,https://artbase.rhizome.org/wiki/Q1043,,,,,,,,
,Marina Zurkow,https://artbase.rhizome.org/wiki/Q4770,,,,,,,,
,Mario Hergueta,https://artbase.rhizome.org/wiki/Q753,,,,,,,,
,Mario Klingemann,https://artbase.rhizome.org/wiki/Q993,,,,,,,,
,Marisa Gonzalez,https://artbase.rhizome.org/wiki/Q230,,,,,,,,
,Marisa Olson,https://artbase.rhizome.org/wiki/Q48,,,,,,,,
,Marius Watz,https://artbase.rhizome.org/wiki/Q862,,,,,,,,
,Mark Amerika,https://artbase.rhizome.org/wiki/Q1136,,,,,,,,
,Mark Beasley,https://artbase.rhizome.org/wiki/Q36,,,,,,,,
,Mark Callahan,https://artbase.rhizome.org/wiki/Q448,,,,,,,,
,Mark Fingerhut,https://artbase.rhizome.org/wiki/Q12191,,,,,,,,
,Mark Napier,https://artbase.rhizome.org/wiki/Q499,,,,,,,,
,Mark Skwarek,https://artbase.rhizome.org/wiki/Q198,,,,,,,,
,Mark Stock,https://artbase.rhizome.org/wiki/Q413,,,,,,,,
,Mark Tribe,https://artbase.rhizome.org/wiki/Q1,,,,,,,,
,Marketa Bankova,https://artbase.rhizome.org/wiki/Q566,,,,,,,,
,Markus Kleine-Vehn,https://artbase.rhizome.org/wiki/Q373,,,,,,,,
,Marni Kotak,https://artbase.rhizome.org/wiki/Q815,,,,,,,,
,Marta Klonowska,https://artbase.rhizome.org/wiki/Q1032,,,,,,,,
,Martha Gabriel,https://artbase.rhizome.org/wiki/Q875,,,,,,,,
,Martin Allman,https://artbase.rhizome.org/wiki/Q858,,,,,,,,
,Martin Bonadeo,https://artbase.rhizome.org/wiki/Q609,,,,,,,,
,Martin John Callanan,https://artbase.rhizome.org/wiki/Q76,,,,,,,,
,Martin Koncilja,https://artbase.rhizome.org/wiki/Q278,,,,,,,,
,Martin Sjardijn,https://artbase.rhizome.org/wiki/Q399,,,,,,,,
,Mary-Kim Arnold,https://artbase.rhizome.org/wiki/Q1052,,,,,,,,
,Matt Barton,https://artbase.rhizome.org/wiki/Q4855,,,,,,,,
,Matt Dunnerstick,https://artbase.rhizome.org/wiki/Q4702,,,,,,,,
,Matt Gardiner,https://artbase.rhizome.org/wiki/Q4814,,,,,,,,
,Matt Greenwood,https://artbase.rhizome.org/wiki/Q4697,,,,,,,,
,Matt Richardson,https://artbase.rhizome.org/wiki/Q546,,,,,,,,
,Matt Roberts,https://artbase.rhizome.org/wiki/Q261,,,,,,,,
,Matthew Board,https://artbase.rhizome.org/wiki/Q4698,,,,,,,,
,Matthew Butler,https://artbase.rhizome.org/wiki/Q920,,,,,,,,
,Mattia Casalegno,https://artbase.rhizome.org/wiki/Q832,,,,,,,,
,Maurizio Mercuri,https://artbase.rhizome.org/wiki/Q744,,,,,,,,
,Max Amagliani,https://artbase.rhizome.org/wiki/Q470,,,,,,,,
,Max Herman,https://artbase.rhizome.org/wiki/Q236,,,,,,,,
,Maxime Marion,https://artbase.rhizome.org/wiki/Q458,,,,,,,,
,Maxine Gregson,https://artbase.rhizome.org/wiki/Q4962,,,,,,,,
,Maxwell Simmer,https://artbase.rhizome.org/wiki/Q870,,,,,,,,
,Małgosia Woźnica,https://artbase.rhizome.org/wiki/Q678,,,,,,,,
,Mel Alexenberg,https://artbase.rhizome.org/wiki/Q1040,,,,,,,,
,Melanie Rodgers,https://artbase.rhizome.org/wiki/Q401,,,,,,,,
,Melinda Rackham,https://artbase.rhizome.org/wiki/Q637,,,,,,,,
,Michael Arnold Mages,https://artbase.rhizome.org/wiki/Q1076,,,,,,,,
,Michael Bell-Smith,https://artbase.rhizome.org/wiki/Q929,,,,,,,,
,Michael Daines,https://artbase.rhizome.org/wiki/Q535,,,,,,,,
,Michael Demers,https://artbase.rhizome.org/wiki/Q803,,,,,,,,
,Michael Guidetti,https://artbase.rhizome.org/wiki/Q136,,,,,,,,
,Michael Kaufmann,https://artbase.rhizome.org/wiki/Q299,,,,,,,,
,Michael Kontopoulos,https://artbase.rhizome.org/wiki/Q794,,,,,,,,
,Michael Mahan,https://artbase.rhizome.org/wiki/Q1016,,,,,,,,
,Michael Mandiberg,https://artbase.rhizome.org/wiki/Q548,,,,,,,,
,Michael Manning,https://artbase.rhizome.org/wiki/Q273,,,,,,,,
,Michael Sellam,https://artbase.rhizome.org/wiki/Q209,,,,,,,,
,Michael Smith,https://artbase.rhizome.org/wiki/Q738,,,,,,,,
,Michael Szpakowski,https://artbase.rhizome.org/wiki/Q577,,,,,,,,
,Michael Takeo Magruder,https://artbase.rhizome.org/wiki/Q876,,,,,,,,
,Michael Zbyszyński,https://artbase.rhizome.org/wiki/Q719,,,,,,,,
,Michele Turre,https://artbase.rhizome.org/wiki/Q237,,,,,,,,
,Michelle Herman,https://artbase.rhizome.org/wiki/Q787,,,,,,,,
,Michelle Letelier,https://artbase.rhizome.org/wiki/Q359,,,,,,,,
,Michiel Bijnens,https://artbase.rhizome.org/wiki/Q406,,,,,,,,
,Miguel Leal,https://artbase.rhizome.org/wiki/Q444,,,,,,,,
,Miika Nyyssönen,https://artbase.rhizome.org/wiki/Q878,,,,,,,,
,Mike Mike,https://artbase.rhizome.org/wiki/Q219,,,,,,,,
,Miklos Legrady,https://artbase.rhizome.org/wiki/Q1092,,,,,,,,
,Milos Rankovic,https://artbase.rhizome.org/wiki/Q904,,,,,,,,
,Miltos Manetas,https://artbase.rhizome.org/wiki/Q944,,,,,,,,
,Minerva Cuevas,https://artbase.rhizome.org/wiki/Q4864,,,,,,,,
,Miranda July,https://artbase.rhizome.org/wiki/Q946,,,,,,,,
,Mitch Trale,https://artbase.rhizome.org/wiki/Q296,,,,,,,,
,Miyö Van Stenis,https://artbase.rhizome.org/wiki/Q310,,,,,,,,
,Mladen Zagorac,https://artbase.rhizome.org/wiki/Q601,,,,,,,,
,Mogens Jacobsen,https://artbase.rhizome.org/wiki/Q488,,,,,,,,
,Molissa Fenley,https://artbase.rhizome.org/wiki/Q140,,,,,,,,
,Monica Lozano,https://artbase.rhizome.org/wiki/Q479,,,,,,,,
,Monica Ong,https://artbase.rhizome.org/wiki/Q293,,,,,,,,
,Monica Ross,https://artbase.rhizome.org/wiki/Q992,,,,,,,,
,Morgan Jones,https://artbase.rhizome.org/wiki/Q926,,,,,,,,
,Motomichi Nakamura,https://artbase.rhizome.org/wiki/Q602,,,,,,,,
,Mouchette,https://artbase.rhizome.org/wiki/Q1095,,,,,,,,
,Mushon Zer-Aviv,https://artbase.rhizome.org/wiki/Q45,,,,,,,,
,Myriam Thyes,https://artbase.rhizome.org/wiki/Q886,,,,,,,,
,Myron Turner,https://artbase.rhizome.org/wiki/Q587,,,,,,,,
,Nadia Anderson,https://artbase.rhizome.org/wiki/Q4784,,,,,,,,
,Naeem Mohaiemen,https://artbase.rhizome.org/wiki/Q4838,,,,,,,,
,Nanette Wylde,https://artbase.rhizome.org/wiki/Q1039,,,,,,,,
,Natalia Rojas,https://artbase.rhizome.org/wiki/Q4722,,,,,,,,
,Natalie Bookchin,https://artbase.rhizome.org/wiki/Q665,,,,,,,,
,Nate Silver,https://artbase.rhizome.org/wiki/Q4730,,,,,,,,
,Nathalie Lawhead,https://artbase.rhizome.org/wiki/Q755,,,,,,,,
,Nathan Castle,https://artbase.rhizome.org/wiki/Q545,,,,,,,,
,Nathan Selikoff,https://artbase.rhizome.org/wiki/Q874,,,,,,,,
,Nathan Shafer,https://artbase.rhizome.org/wiki/Q287,,,,,,,,
,Neal McDonald,https://artbase.rhizome.org/wiki/Q1015,,,,,,,,
,Neil Sorenson,https://artbase.rhizome.org/wiki/Q93,,,,,,,,
,Neil Zusman,https://artbase.rhizome.org/wiki/Q298,,,,,,,,
,Nick Fortunato,https://artbase.rhizome.org/wiki/Q1094,,,,,,,,
,Nick Fox-Gieg,https://artbase.rhizome.org/wiki/Q170,,,,,,,,
,Nick Yulman,https://artbase.rhizome.org/wiki/Q334,,,,,,,,
,Nicolas Boulard,https://artbase.rhizome.org/wiki/Q88,,,,,,,,
,Nicolas Frespech,https://artbase.rhizome.org/wiki/Q1093,,,,,,,,
,Nicolas Jenkins,https://artbase.rhizome.org/wiki/Q728,,,,,,,,
,Nicolas Sassoon,https://artbase.rhizome.org/wiki/Q144,,,,,,,,
,Nik Hanselmann,https://artbase.rhizome.org/wiki/Q320,,,,,,,,
,Nikola Tosic,https://artbase.rhizome.org/wiki/Q648,,,,,,,,
,Nino Rodriguez,https://artbase.rhizome.org/wiki/Q900,,,,,,,,
,Noah Pedrini,https://artbase.rhizome.org/wiki/Q1011,,,,,,,,
,Noah Shibley,https://artbase.rhizome.org/wiki/Q4827,,,,,,,,
,Noah Venezia,https://artbase.rhizome.org/wiki/Q1120,,,,,,,,
,Nobody Here,https://artbase.rhizome.org/wiki/Q1046,,,,,,,,
,Nora Farrell,https://artbase.rhizome.org/wiki/Q211,,,,,,,,
,Norie Neumark,https://artbase.rhizome.org/wiki/Q529,,,,,,,,
,ON AIR,https://artbase.rhizome.org/wiki/Q586,,,,,,,,
,Ole B Nielsen,https://artbase.rhizome.org/wiki/Q823,,,,,,,,
,Olga Goriunova,https://artbase.rhizome.org/wiki/Q9705,,,,,,,,
,Olga Kisseleva,https://artbase.rhizome.org/wiki/Q550,,,,,,,,
,Olia Lialina,https://artbase.rhizome.org/wiki/Q34,,,,,,,,
,Oliver Kauselmann,https://artbase.rhizome.org/wiki/Q4683,,,,,,,,
,Oliver Laric,https://artbase.rhizome.org/wiki/Q967,,,,,,,,
,Oliver Moran,https://artbase.rhizome.org/wiki/Q1000,,,,,,,,
,Ollivier Dyens,https://artbase.rhizome.org/wiki/Q471,,,,,,,,
,Omer Krieger,https://artbase.rhizome.org/wiki/Q187,,,,,,,,
,Orit Halpern,https://artbase.rhizome.org/wiki/Q4840,,,,,,,,
,Owen Mundy,https://artbase.rhizome.org/wiki/Q100,,,,,,,,
,P Hintsanen,https://artbase.rhizome.org/wiki/Q639,,,,,,,,
,Pall Thayer,https://artbase.rhizome.org/wiki/Q882,,,,,,,,
,Pascual Sisto,https://artbase.rhizome.org/wiki/Q451,,,,,,,,
,Pat Badani,https://artbase.rhizome.org/wiki/Q317,,,,,,,,
,Patricia Lee,https://artbase.rhizome.org/wiki/Q348,,,,,,,,
,Patrick Herron,https://artbase.rhizome.org/wiki/Q580,,,,,,,,
,Paul Annear,https://artbase.rhizome.org/wiki/Q244,,,,,,,,
,Paul Brand,https://artbase.rhizome.org/wiki/Q325,,,,,,,,
,Paul D. Miller,https://artbase.rhizome.org/wiki/Q762,,,,,,,,
,Paul Harter,https://artbase.rhizome.org/wiki/Q319,,,,,,,,
,Paul Hertz,https://artbase.rhizome.org/wiki/Q409,,,,,,,,
,Paul Levine,https://artbase.rhizome.org/wiki/Q422,,,,,,,,
,Paul McLean,https://artbase.rhizome.org/wiki/Q888,,,,,,,,
,Paul Robert,https://artbase.rhizome.org/wiki/Q4776,,,,,,,,
,Paul Slocum,https://artbase.rhizome.org/wiki/Q770,,,,,,,,
,Paul St George,https://artbase.rhizome.org/wiki/Q1004,,,,,,,,
,Paul Steenberghe,https://artbase.rhizome.org/wiki/Q1037,,,,,,,,
,Paula Levine,https://artbase.rhizome.org/wiki/Q116,,,,,,,,
,Penelope Umbrico,https://artbase.rhizome.org/wiki/Q150,,,,,,,,
,Per Pegelow | Interactive Arts,https://artbase.rhizome.org/wiki/Q1002,,,,,,,,
,Perry Bard,https://artbase.rhizome.org/wiki/Q627,,,,,,,,
,Peter Baldes,https://artbase.rhizome.org/wiki/Q199,,,,,,,,
,Peter Edmunds,https://artbase.rhizome.org/wiki/Q4720,,,,,,,,
,Peter Horvath,https://artbase.rhizome.org/wiki/Q701,,,,,,,,
,Peter Luining,https://artbase.rhizome.org/wiki/Q281,,,,,,,,
,Peter Norvig,https://artbase.rhizome.org/wiki/Q4797,,,,,,,,
,Peter Patchen,https://artbase.rhizome.org/wiki/Q590,,,,,,,,
,Peter Stanick,https://artbase.rhizome.org/wiki/Q714,,,,,,,,
,Peter Traub,https://artbase.rhizome.org/wiki/Q129,,,,,,,,
,Peter William Holden,https://artbase.rhizome.org/wiki/Q201,,,,,,,,
,Peter Yumi,https://artbase.rhizome.org/wiki/Q785,,,,,,,,
,Petko Dourmana,https://artbase.rhizome.org/wiki/Q792,,,,,,,,
,Petra Cortright,https://artbase.rhizome.org/wiki/Q569,,,,,,,,
,Petra Gemeinboeck,https://artbase.rhizome.org/wiki/Q1090,,,,,,,,
,Petra Vargova,https://artbase.rhizome.org/wiki/Q361,,,,,,,,
,Philip Foeckler,https://artbase.rhizome.org/wiki/Q432,,,,,,,,
,Philippe Boisnar,https://artbase.rhizome.org/wiki/Q4789,,,,,,,,
,Philippe Chollet,https://artbase.rhizome.org/wiki/Q222,,,,,,,,
,Philippe Lejeune,https://artbase.rhizome.org/wiki/Q844,,,,,,,,
,Philippe Zimmermann,https://artbase.rhizome.org/wiki/Q4754,,,,,,,,
,Pit Schultz,https://artbase.rhizome.org/wiki/Q9721,,,,,,,,
,Porpentine,https://artbase.rhizome.org/wiki/Q4668,,,,,,,,
,Pradip Malde,https://artbase.rhizome.org/wiki/Q395,,,,,,,,
,Prema Murthy,https://artbase.rhizome.org/wiki/Q149,,,,,,,,
,Pérennès Arnaud,https://artbase.rhizome.org/wiki/Q729,,,,,,,,
,Qohtaiwoo,https://artbase.rhizome.org/wiki/Q4699,,,,,,,,
,Rafael Lain,https://artbase.rhizome.org/wiki/Q336,,,,,,,,
,Rafael Lozano-Hemmer,https://artbase.rhizome.org/wiki/Q447,,,,,,,,
,Rafaël Rozendaal,https://artbase.rhizome.org/wiki/Q1161,,,,,,,,
,Ralf Baecker,https://artbase.rhizome.org/wiki/Q384,,,,,,,,
,Ramie Blatt,https://artbase.rhizome.org/wiki/Q680,,,,,,,,
,Randall Packer,https://artbase.rhizome.org/wiki/Q439,,,,,,,,
,Rasmus Olli,https://artbase.rhizome.org/wiki/Q850,,,,,,,,
,Raul Berrueco,https://artbase.rhizome.org/wiki/Q107,,,,,,,,
,Rebecca Cannon,https://artbase.rhizome.org/wiki/Q212,,,,,,,,
,Rebecca Nagle,https://artbase.rhizome.org/wiki/Q213,,,,,,,,
,Rebecca Young,https://artbase.rhizome.org/wiki/Q1062,,,,,,,,
,Regina Pinto,https://artbase.rhizome.org/wiki/Q165,,,,,,,,
,Reginald Brooks,https://artbase.rhizome.org/wiki/Q1030,,,,,,,,
,Reiner Strasser,https://artbase.rhizome.org/wiki/Q767,,,,,,,,
,Rev. Luke Murphy,https://artbase.rhizome.org/wiki/Q897,,,,,,,,
,Reynald Drouhin,https://artbase.rhizome.org/wiki/Q147,,,,,,,,
,Rhea Myers,https://artbase.rhizome.org/wiki/Q631,,,,,,,,
,Rheim Alkadhi,https://artbase.rhizome.org/wiki/Q820,,,,,,,,
,Rhys Turner,https://artbase.rhizome.org/wiki/Q788,,,,,,,,
,Ricard Marxer Piñón,https://artbase.rhizome.org/wiki/Q610,,,,,,,,
,Ricardo Cutz,https://artbase.rhizome.org/wiki/Q1079,,,,,,,,
,Ricardo Dominguez,https://artbase.rhizome.org/wiki/Q936,,,,,,,,
,Ricardo Miranda Zúñiga,https://artbase.rhizome.org/wiki/Q256,,,,,,,,
,Riccardo Zanardelli,https://artbase.rhizome.org/wiki/Q918,,,,,,,,
,Rich White,https://artbase.rhizome.org/wiki/Q1157,,,,,,,,
,Richard Bamattre,https://artbase.rhizome.org/wiki/Q658,,,,,,,,
,Richard Rinehart,https://artbase.rhizome.org/wiki/Q784,,,,,,,,
,Richard Vickers,https://artbase.rhizome.org/wiki/Q930,,,,,,,,
,Richard Vijgen,https://artbase.rhizome.org/wiki/Q259,,,,,,,,
,Rick Mullarky,https://artbase.rhizome.org/wiki/Q996,,,,,,,,
,Rick Silva,https://artbase.rhizome.org/wiki/Q713,,,,,,,,
,Rob O'Neill,https://artbase.rhizome.org/wiki/Q963,,,,,,,,
,Robbin Murphy,https://artbase.rhizome.org/wiki/Q473,,,,,,,,
,Robert Ek,https://artbase.rhizome.org/wiki/Q807,,,,,,,,
,Robert Krawczyk,https://artbase.rhizome.org/wiki/Q1026,,,,,,,,
,Robert Praxmarer,https://artbase.rhizome.org/wiki/Q865,,,,,,,,
,Robert Seidel,https://artbase.rhizome.org/wiki/Q1162,,,,,,,,
,Robert V. Wodzinski,https://artbase.rhizome.org/wiki/Q4792,,,,,,,,
,Robert Watson,https://artbase.rhizome.org/wiki/Q174,,,,,,,,
,Robert Willim,https://artbase.rhizome.org/wiki/Q4763,,,,,,,,
,Roberto Echen,https://artbase.rhizome.org/wiki/Q266,,,,,,,,
,Robin Stein,https://artbase.rhizome.org/wiki/Q977,,,,,,,,
,Roch Forowicz,https://artbase.rhizome.org/wiki/Q243,,,,,,,,
,Roderick Coover,https://artbase.rhizome.org/wiki/Q606,,,,,,,,
,Rodrigo De Toledo,https://artbase.rhizome.org/wiki/Q148,,,,,,,,
,Rodrigo Volpe,https://artbase.rhizome.org/wiki/Q828,,,,,,,,
,Roma Czernysz,https://artbase.rhizome.org/wiki/Q624,,,,,,,,
,Ron Goldin,https://artbase.rhizome.org/wiki/Q98,,,,,,,,
,Ronnie Bass,https://artbase.rhizome.org/wiki/Q94,,,,,,,,
,Ronnie Shahmoon,https://artbase.rhizome.org/wiki/Q561,,,,,,,,
,Rory Hamilton,https://artbase.rhizome.org/wiki/Q4963,,,,,,,,
,Rosa Menkman,https://artbase.rhizome.org/wiki/Q260,,,,,,,,
,Rose Marshack,https://artbase.rhizome.org/wiki/Q4733,,,,,,,,
,Ross Barber,https://artbase.rhizome.org/wiki/Q253,,,,,,,,
,Roxana Torre,https://artbase.rhizome.org/wiki/Q968,,,,,,,,
,Roxanne Wolanczyk,https://artbase.rhizome.org/wiki/Q720,,,,,,,,
,Roy LaGrone,https://artbase.rhizome.org/wiki/Q593,,,,,,,,
,Roz Dimon,https://artbase.rhizome.org/wiki/Q393,,,,,,,,
,Rui Filipe Antunes,https://artbase.rhizome.org/wiki/Q859,,,,,,,,
,Rui Torres,https://artbase.rhizome.org/wiki/Q721,,,,,,,,
,Russell Richards,https://artbase.rhizome.org/wiki/Q750,,,,,,,,
,Russet Lederman,https://artbase.rhizome.org/wiki/Q799,,,,,,,,
,Ruth Hawkins,https://artbase.rhizome.org/wiki/Q640,,,,,,,,
,Ryan McGuinness,https://artbase.rhizome.org/wiki/Q667,,,,,,,,
,STEVE DANZIG,https://artbase.rhizome.org/wiki/Q72,,,,,,,,
,Sabrina Raaf,https://artbase.rhizome.org/wiki/Q805,,,,,,,,
,Sabrina Ratté,https://artbase.rhizome.org/wiki/Q4766,,,,,,,,
,Sally Minker,https://artbase.rhizome.org/wiki/Q933,,,,,,,,
,Salvatore Iaconesi,https://artbase.rhizome.org/wiki/Q1038,,,,,,,,
,Sam Sanford,https://artbase.rhizome.org/wiki/Q173,,,,,,,,
,Sandra Crisp,https://artbase.rhizome.org/wiki/Q739,,,,,,,,
,Sandy Smith,https://artbase.rhizome.org/wiki/Q841,,,,,,,,
,Sara Malinarich,https://artbase.rhizome.org/wiki/Q122,,,,,,,,
,Sarah Samy,https://artbase.rhizome.org/wiki/Q4833,,,,,,,,
,Saraswati Gramich,https://artbase.rhizome.org/wiki/Q472,,,,,,,,
,Saskia Vandersee,https://artbase.rhizome.org/wiki/Q972,,,,,,,,
,Schoenerwissen,https://artbase.rhizome.org/wiki/Q126,,,,,,,,
,Scott Blake,https://artbase.rhizome.org/wiki/Q982,,,,,,,,
,Scott Brewster,https://artbase.rhizome.org/wiki/Q957,,,,,,,,
,Scott Hessels,https://artbase.rhizome.org/wiki/Q699,,,,,,,,
,Scott Paterson,https://artbase.rhizome.org/wiki/Q469,,,,,,,,
,Sebastian Cudicio,https://artbase.rhizome.org/wiki/Q360,,,,,,,,
,Sebastian Harms,https://artbase.rhizome.org/wiki/Q756,,,,,,,,
,Sebastian Schmieg,https://artbase.rhizome.org/wiki/Q990,,,,,,,,
,Sebastian Seifert,https://artbase.rhizome.org/wiki/Q921,,,,,,,,
,Sebastien Cliche,https://artbase.rhizome.org/wiki/Q860,,,,,,,,
,Sergey Kotsun,https://artbase.rhizome.org/wiki/Q980,,,,,,,,
,Sergey Teterin,https://artbase.rhizome.org/wiki/Q216,,,,,,,,
,Sergio Maltagliati,https://artbase.rhizome.org/wiki/Q295,,,,,,,,
,Sergio Tavares,https://artbase.rhizome.org/wiki/Q958,,,,,,,,
,Shane Carroll,https://artbase.rhizome.org/wiki/Q745,,,,,,,,
,Shaun Jarman,https://artbase.rhizome.org/wiki/Q4805,,,,,,,,
,Shawn Decker,https://artbase.rhizome.org/wiki/Q185,,,,,,,,
,Shawn Micallef,https://artbase.rhizome.org/wiki/Q4846,,,,,,,,
,Shawn Moore,https://artbase.rhizome.org/wiki/Q737,,,,,,,,
,Shawn Rider,https://artbase.rhizome.org/wiki/Q659,,,,,,,,
,Shelley Jackson,https://artbase.rhizome.org/wiki/Q4876,,,,,,,,
,Show-n-tell,https://artbase.rhizome.org/wiki/Q4774,,,,,,,,
,Shu Lea Cheang,https://artbase.rhizome.org/wiki/Q160,,,,,,,,
,Silvio Lorusso,https://artbase.rhizome.org/wiki/Q290,,,,,,,,
,Simon Biggs,https://artbase.rhizome.org/wiki/Q145,,,,,,,,
,Simon Fildes,https://artbase.rhizome.org/wiki/Q1105,,,,,,,,
,Simon Kavanagh,https://artbase.rhizome.org/wiki/Q873,,,,,,,,
,Simon Mills,https://artbase.rhizome.org/wiki/Q564,,,,,,,,
,Skye Thorstenson,https://artbase.rhizome.org/wiki/Q389,,,,,,,,
,Sofia Oliveira,https://artbase.rhizome.org/wiki/Q884,,,,,,,,
,Sonic Supper,https://artbase.rhizome.org/wiki/Q4704,,,,,,,,
,Sonja Schenk,https://artbase.rhizome.org/wiki/Q4714,,,,,,,,
,Soo Yeun Ahn,https://artbase.rhizome.org/wiki/Q437,,,,,,,,
,Sophia Arsinoi Papadimitriou,https://artbase.rhizome.org/wiki/Q4870,,,,,,,,
,Soyoung Park,https://artbase.rhizome.org/wiki/Q217,,,,,,,,
,Spot Draves,https://artbase.rhizome.org/wiki/Q896,,,,,,,,
,Stacia Yeapanis,https://artbase.rhizome.org/wiki/Q4828,,,,,,,,
,Stanza,https://artbase.rhizome.org/wiki/Q632,,,,,,,,
,Stefan Müller Arisona,https://artbase.rhizome.org/wiki/Q836,,,,,,,,
,Stefano Coluccini,https://artbase.rhizome.org/wiki/Q914,,,,,,,,
,Stephan Hausmeister,https://artbase.rhizome.org/wiki/Q959,,,,,,,,
,Stephanie Owens,https://artbase.rhizome.org/wiki/Q417,,,,,,,,
,Stephen Vitiello,https://artbase.rhizome.org/wiki/Q4815,,,,,,,,
,Stephen Wilson,https://artbase.rhizome.org/wiki/Q4700,,,,,,,,
,Sterling Crispin,https://artbase.rhizome.org/wiki/Q549,,,,,,,,
,Steve Anderson,https://artbase.rhizome.org/wiki/Q543,,,,,,,,
,Steve Lambert,https://artbase.rhizome.org/wiki/Q180,,,,,,,,
,Steve Shaddick,https://artbase.rhizome.org/wiki/Q4790,,,,,,,,
,Steven Jones,https://artbase.rhizome.org/wiki/Q952,,,,,,,,
,Steven Read,https://artbase.rhizome.org/wiki/Q288,,,,,,,,
,Stewart Smith,https://artbase.rhizome.org/wiki/Q4727,,,,,,,,
,SuAnne Hall,https://artbase.rhizome.org/wiki/Q4719,,,,,,,,
,Sukanya Aneja,https://artbase.rhizome.org/wiki/Q12166,,,,,,,,
,Suki Beg,https://artbase.rhizome.org/wiki/Q461,,,,,,,,
,Summer Guthery,https://artbase.rhizome.org/wiki/Q4677,,,,,,,,
,Susan Collins,https://artbase.rhizome.org/wiki/Q1013,,,,,,,,
,Susan Hiller,https://artbase.rhizome.org/wiki/Q1009,,,,,,,,
,Susan Robb,https://artbase.rhizome.org/wiki/Q683,,,,,,,,
,Susana Mendes Silva,https://artbase.rhizome.org/wiki/Q321,,,,,,,,
,Sylvain Barra,https://artbase.rhizome.org/wiki/Q4866,,,,,,,,
,Sylvère Armange,https://artbase.rhizome.org/wiki/Q329,,,,,,,,
,Synne Bull,https://artbase.rhizome.org/wiki/Q78,,,,,,,,
,TJADER-KNIGHT inc. KNIGHT,https://artbase.rhizome.org/wiki/Q1056,,,,,,,,
,Tabor Robak,https://artbase.rhizome.org/wiki/Q757,,,,,,,,
,Tactical Magic,https://artbase.rhizome.org/wiki/Q370,,,,,,,,
,Taey Iohe,https://artbase.rhizome.org/wiki/Q62,,,,,,,,
,Tahir Un,https://artbase.rhizome.org/wiki/Q364,,,,,,,,
,Takeshi Murata,https://artbase.rhizome.org/wiki/Q708,,,,,,,,
,Takuji Kogo,https://artbase.rhizome.org/wiki/Q779,,,,,,,,
,Takuya Yamauchi,https://artbase.rhizome.org/wiki/Q4742,,,,,,,,
,Tal Halpern,https://artbase.rhizome.org/wiki/Q4836,,,,,,,,
,Talan Memmott,https://artbase.rhizome.org/wiki/Q575,,,,,,,,
,Tamar Schori,https://artbase.rhizome.org/wiki/Q618,,,,,,,,
,Tamara Faith Berger,https://artbase.rhizome.org/wiki/Q74,,,,,,,,
,Tamas Waliczky,https://artbase.rhizome.org/wiki/Q398,,,,,,,,
,Tande CAmpos,https://artbase.rhizome.org/wiki/Q817,,,,,,,,
,Tania Rodr,https://artbase.rhizome.org/wiki/Q75,,,,,,,,
,Taylor Nuttall,https://artbase.rhizome.org/wiki/Q885,,,,,,,,
,Ted Warnell,https://artbase.rhizome.org/wiki/Q765,,,,,,,,
,Teo Spiller,https://artbase.rhizome.org/wiki/Q707,,,,,,,,
,Terry Towery,https://artbase.rhizome.org/wiki/Q102,,,,,,,,
,Thomas Briggs,https://artbase.rhizome.org/wiki/Q289,,,,,,,,
,Thomas Goldstrasz,https://artbase.rhizome.org/wiki/Q635,,,,,,,,
,Thomas Knauer,https://artbase.rhizome.org/wiki/Q907,,,,,,,,
,Thomas Laureyssens,https://artbase.rhizome.org/wiki/Q241,,,,,,,,
,Thomas Petersen,https://artbase.rhizome.org/wiki/Q621,,,,,,,,
,Thomax Kaulmann,https://artbase.rhizome.org/wiki/Q9720,,,,,,,,
,Thorbjoern Koenig,https://artbase.rhizome.org/wiki/Q127,,,,,,,,
,Thorne Brandt,https://artbase.rhizome.org/wiki/Q313,,,,,,,,
,Tiago Borges,https://artbase.rhizome.org/wiki/Q915,,,,,,,,
,Tiana Chuang,https://artbase.rhizome.org/wiki/Q103,,,,,,,,
,Tiff Holmes,https://artbase.rhizome.org/wiki/Q344,,,,,,,,
,Tiffany Holmes,https://artbase.rhizome.org/wiki/Q481,,,,,,,,
,Tiia Johannson,https://artbase.rhizome.org/wiki/Q515,,,,,,,,
,Tim Devin,https://artbase.rhizome.org/wiki/Q504,,,,,,,,
,Tim Rollins,https://artbase.rhizome.org/wiki/Q4759,,,,,,,,
,Timur Si-Qin,https://artbase.rhizome.org/wiki/Q538,,,,,,,,
,Tina La Porta,https://artbase.rhizome.org/wiki/Q604,,,,,,,,
,Tinlun Chan,https://artbase.rhizome.org/wiki/Q856,,,,,,,,
,Tlaolli Arguello,https://artbase.rhizome.org/wiki/Q754,,,,,,,,
,Tom Chambers,https://artbase.rhizome.org/wiki/Q877,,,,,,,,
,Tom Corby,https://artbase.rhizome.org/wiki/Q852,,,,,,,,
,Tom Forkin,https://artbase.rhizome.org/wiki/Q969,,,,,,,,
,Tom Greenbaum,https://artbase.rhizome.org/wiki/Q1074,,,,,,,,
,Tom Scarpino,https://artbase.rhizome.org/wiki/Q1087,,,,,,,,
,Tom Wexler,https://artbase.rhizome.org/wiki/Q840,,,,,,,,
,Tomasz Konart,https://artbase.rhizome.org/wiki/Q233,,,,,,,,
,Tomoko kawai,https://artbase.rhizome.org/wiki/Q722,,,,,,,,
,Tony Oursler,https://artbase.rhizome.org/wiki/Q4817,,,,,,,,
,Torsten Zenas Burns,https://artbase.rhizome.org/wiki/Q254,,,,,,,,
,Toru Iwatake,https://artbase.rhizome.org/wiki/Q4743,,,,,,,,
,Travess Smalley,https://artbase.rhizome.org/wiki/Q194,,,,,,,,
,Travis Alber,https://artbase.rhizome.org/wiki/Q498,,,,,,,,
,Trebor Scholz,https://artbase.rhizome.org/wiki/Q4675,,,,,,,,
,Troy Bennett,https://artbase.rhizome.org/wiki/Q4756,,,,,,,,
,Tsila Hassine,https://artbase.rhizome.org/wiki/Q1125,,,,,,,,
,Tuulia Kasonen,https://artbase.rhizome.org/wiki/Q4771,,,,,,,,
,Tyler Jacobsen,https://artbase.rhizome.org/wiki/Q786,,,,,,,,
,Udi Aloni,https://artbase.rhizome.org/wiki/Q463,,,,,,,,
,Ulysses Alvarez,https://artbase.rhizome.org/wiki/Q562,,,,,,,,
,Ursula Endlicher,https://artbase.rhizome.org/wiki/Q1020,,,,,,,,
,Usine de Boutons,https://artbase.rhizome.org/wiki/Q4775,,,,,,,,
,Valerie Pawlowski,https://artbase.rhizome.org/wiki/Q71,,,,,,,,
,Valery Grancher,https://artbase.rhizome.org/wiki/Q286,,,,,,,,
,Vanessa Gocksch,https://artbase.rhizome.org/wiki/Q4735,,,,,,,,
,Vera Bighetti,https://artbase.rhizome.org/wiki/Q669,,,,,,,,
,Victor Liu,https://artbase.rhizome.org/wiki/Q1099,,,,,,,,
,Victoria Vesna,https://artbase.rhizome.org/wiki/Q1086,,,,,,,,
,Vikram Alexei Kansara,https://artbase.rhizome.org/wiki/Q867,,,,,,,,
,Vincent Makowski,https://artbase.rhizome.org/wiki/Q453,,,,,,,,
,Vladimir Todorovic,https://artbase.rhizome.org/wiki/Q556,,,,,,,,
,Vlatko Ceric,https://artbase.rhizome.org/wiki/Q533,,,,,,,,
,Vuc Cosic,https://artbase.rhizome.org/wiki/Q1054,,,,,,,,
,Waldemar Pranckiewicz,https://artbase.rhizome.org/wiki/Q650,,,,,,,,
,Walter Rafelsberger,https://artbase.rhizome.org/wiki/Q943,,,,,,,,
,Warren Sack,https://artbase.rhizome.org/wiki/Q73,,,,,,,,
,Wendy Murray,https://artbase.rhizome.org/wiki/Q797,,,,,,,,
,Wilfried Agricola de Cologne,https://artbase.rhizome.org/wiki/Q890,,,,,,,,
,Will Luers,https://artbase.rhizome.org/wiki/Q985,,,,,,,,
,Will Neibergall,https://artbase.rhizome.org/wiki/Q387,,,,,,,,
,Will Pappenheimer,https://artbase.rhizome.org/wiki/Q434,,,,,,,,
,William Poundstone,https://artbase.rhizome.org/wiki/Q975,,,,,,,,
,Wolf Kahlen,https://artbase.rhizome.org/wiki/Q741,,,,,,,,
,Wolfgang Staehle,https://artbase.rhizome.org/wiki/Q114,,,,,,,,
,Wyatt Niehaus,https://artbase.rhizome.org/wiki/Q934,,,,,,,,
,Xavier Malbreil,https://artbase.rhizome.org/wiki/Q557,,,,,,,,
,Yael Kanarek,https://artbase.rhizome.org/wiki/Q891,,,,,,,,
,Yoshi Sodeoka,https://artbase.rhizome.org/wiki/Q511,,,,,,,,
,Yuli Ziv,https://artbase.rhizome.org/wiki/Q664,,,,,,,,
,Yves Degoyon,https://artbase.rhizome.org/wiki/Q4839,,,,,,,,
,Zahra Safavian,https://artbase.rhizome.org/wiki/Q827,,,,,,,,
,[dNASAb],https://artbase.rhizome.org/wiki/Q1113,,,,,,,,
,a bill miller,https://artbase.rhizome.org/wiki/Q806,,,,,,,,
,aarnoud rommens,https://artbase.rhizome.org/wiki/Q227,,,,,,,,
,abram stern,https://artbase.rhizome.org/wiki/Q1023,,,,,,,,
,adam chapman,https://artbase.rhizome.org/wiki/Q403,,,,,,,,
,adriana frant,https://artbase.rhizome.org/wiki/Q487,,,,,,,,
,akiko ichikawa,https://artbase.rhizome.org/wiki/Q394,,,,,,,,
,alessandra marfisa marfisa,https://artbase.rhizome.org/wiki/Q845,,,,,,,,
,alexandra reill,https://artbase.rhizome.org/wiki/Q110,,,,,,,,
,ali miharbi,https://artbase.rhizome.org/wiki/Q4755,,,,,,,,
,alun ward,https://artbase.rhizome.org/wiki/Q736,,,,,,,,
,amanda beecher hickman,https://artbase.rhizome.org/wiki/Q464,,,,,,,,
,andre sier,https://artbase.rhizome.org/wiki/Q998,,,,,,,,
,andrea flamini,https://artbase.rhizome.org/wiki/Q830,,,,,,,,
,andrew bucksbarg,https://artbase.rhizome.org/wiki/Q79,,,,,,,,
,andrew hieronymi,https://artbase.rhizome.org/wiki/Q375,,,,,,,,
,anita fontaine,https://artbase.rhizome.org/wiki/Q4830,,,,,,,,
,antonio mendoza,https://artbase.rhizome.org/wiki/Q1063,,,,,,,,
,arcangel constantini,https://artbase.rhizome.org/wiki/Q385,,,,,,,,
,armand behar,https://artbase.rhizome.org/wiki/Q783,,,,,,,,
,arturo cariceo,https://artbase.rhizome.org/wiki/Q4841,,,,,,,,
,ben Wheatley,https://artbase.rhizome.org/wiki/Q950,,,,,,,,
,billy rennekamp,https://artbase.rhizome.org/wiki/Q813,,,,,,,,
,boris kopeinig,https://artbase.rhizome.org/wiki/Q252,,,,,,,,
,brody condon,https://artbase.rhizome.org/wiki/Q99,,,,,,,,
,byul shin,https://artbase.rhizome.org/wiki/Q311,,,,,,,,
,calin man,https://artbase.rhizome.org/wiki/Q670,,,,,,,,
,carla gannis,https://artbase.rhizome.org/wiki/Q396,,,,,,,,
,carlos katastrofsky,https://artbase.rhizome.org/wiki/Q351,,,,,,,,
,cat mazza,https://artbase.rhizome.org/wiki/Q565,,,,,,,,
,catherine ramus,https://artbase.rhizome.org/wiki/Q1014,,,,,,,,
,charles truett,https://artbase.rhizome.org/wiki/Q1139,,,,,,,,
,chia-hsiao sinz shih,https://artbase.rhizome.org/wiki/Q505,,,,,,,,
,chih-min chen,https://artbase.rhizome.org/wiki/Q829,,,,,,,,
,chris reilly,https://artbase.rhizome.org/wiki/Q525,,,,,,,,
,christian schneider,https://artbase.rhizome.org/wiki/Q1135,,,,,,,,
,christiane dellbr,https://artbase.rhizome.org/wiki/Q814,,,,,,,,
,christine sciulli,https://artbase.rhizome.org/wiki/Q599,,,,,,,,
,christopher otto,https://artbase.rhizome.org/wiki/Q1050,,,,,,,,
,cicero,https://artbase.rhizome.org/wiki/Q4862,,,,,,,,
,critical artware,https://artbase.rhizome.org/wiki/Q397,,,,,,,,
,curt cloninger,https://artbase.rhizome.org/wiki/Q191,,,,,,,,
,d johnston,https://artbase.rhizome.org/wiki/Q496,,,,,,,,
,d planet,https://artbase.rhizome.org/wiki/Q693,,,,,,,,
,damali ayo,https://artbase.rhizome.org/wiki/Q1117,,,,,,,,
,davey whitcraft,https://artbase.rhizome.org/wiki/Q250,,,,,,,,
,david bowen,https://artbase.rhizome.org/wiki/Q1124,,,,,,,,
,david sansone,https://artbase.rhizome.org/wiki/Q1064,,,,,,,,
,david sullivan,https://artbase.rhizome.org/wiki/Q931,,,,,,,,
,deb king,https://artbase.rhizome.org/wiki/Q478,,,,,,,,
,desgouttes christophe,https://artbase.rhizome.org/wiki/Q811,,,,,,,,
,det bazelmans,https://artbase.rhizome.org/wiki/Q774,,,,,,,,
,dlsan,https://artbase.rhizome.org/wiki/Q68,,,,,,,,
,domiziana giordano,https://artbase.rhizome.org/wiki/Q1138,,,,,,,,
,don relyea,https://artbase.rhizome.org/wiki/Q151,,,,,,,,
,donna kessinger,https://artbase.rhizome.org/wiki/Q327,,,,,,,,
,dylan davis,https://artbase.rhizome.org/wiki/Q338,,,,,,,,
,e rational,https://artbase.rhizome.org/wiki/Q726,,,,,,,,
,ed lear,https://artbase.rhizome.org/wiki/Q494,,,,,,,,
,edith progue,https://artbase.rhizome.org/wiki/Q235,,,,,,,,
,elisabeth smolarz,https://artbase.rhizome.org/wiki/Q612,,,,,,,,
,elizabeth fischer,https://artbase.rhizome.org/wiki/Q1033,,,,,,,,
,eric ishii eckhardt,https://artbase.rhizome.org/wiki/Q308,,,,,,,,
,eric socolofsky,https://artbase.rhizome.org/wiki/Q734,,,,,,,,
,eteam eteam,https://artbase.rhizome.org/wiki/Q134,,,,,,,,
,eva sjuve,https://artbase.rhizome.org/wiki/Q649,,,,,,,,
,fernando sanchez,https://artbase.rhizome.org/wiki/Q215,,,,,,,,
,florin tudor,https://artbase.rhizome.org/wiki/Q229,,,,,,,,
,francesco contin,https://artbase.rhizome.org/wiki/Q1129,,,,,,,,
,francesco michi,https://artbase.rhizome.org/wiki/Q1164,,,,,,,,
,gair dunlop,https://artbase.rhizome.org/wiki/Q1143,,,,,,,,
,gast bouschet,https://artbase.rhizome.org/wiki/Q33,,,,,,,,
,geoffrey shea,https://artbase.rhizome.org/wiki/Q677,,,,,,,,
,geoffrey thomas,https://artbase.rhizome.org/wiki/Q196,,,,,,,,
,gerald,https://artbase.rhizome.org/wiki/Q4752,,,,,,,,
,gianluca mura,https://artbase.rhizome.org/wiki/Q118,,,,,,,,
,gilles balmet,https://artbase.rhizome.org/wiki/Q571,,,,,,,,
,giselle beiguelman,https://artbase.rhizome.org/wiki/Q176,,,,,,,,
,grégoire zabé,https://artbase.rhizome.org/wiki/Q161,,,,,,,,
,guillaume horen,https://artbase.rhizome.org/wiki/Q630,,,,,,,,
,hannah kops,https://artbase.rhizome.org/wiki/Q70,,,,,,,,
,hannes raffaseder,https://artbase.rhizome.org/wiki/Q446,,,,,,,,
,horit herman peled,https://artbase.rhizome.org/wiki/Q932,,,,,,,,
,ian flitman,https://artbase.rhizome.org/wiki/Q695,,,,,,,,
,isabelle massu,https://artbase.rhizome.org/wiki/Q1031,,,,,,,,
,ivan bachev,https://artbase.rhizome.org/wiki/Q324,,,,,,,,
,jacky Sawatzky,https://artbase.rhizome.org/wiki/Q419,,,,,,,,
,jacob broms engblom,https://artbase.rhizome.org/wiki/Q863,,,,,,,,
,jason skonieczny,https://artbase.rhizome.org/wiki/Q808,,,,,,,,
,jason. sloan,https://artbase.rhizome.org/wiki/Q887,,,,,,,,
,jayrope,https://artbase.rhizome.org/wiki/Q4762,,,,,,,,
,jerome saint-clair,https://artbase.rhizome.org/wiki/Q684,,,,,,,,
,jim ryan,https://artbase.rhizome.org/wiki/Q999,,,,,,,,
,jj higgins,https://artbase.rhizome.org/wiki/Q4690,,,,,,,,
,joan escofet,https://artbase.rhizome.org/wiki/Q1153,,,,,,,,
,joerg piringer,https://artbase.rhizome.org/wiki/Q633,,,,,,,,
,joeser alvarez,https://artbase.rhizome.org/wiki/Q518,,,,,,,,
,johannes blank,https://artbase.rhizome.org/wiki/Q4796,,,,,,,,
,joseph mcelroy,https://artbase.rhizome.org/wiki/Q492,,,,,,,,
,josh skeen,https://artbase.rhizome.org/wiki/Q162,,,,,,,,
,joshua goldberg,https://artbase.rhizome.org/wiki/Q205,,,,,,,,
,joy garnett,https://artbase.rhizome.org/wiki/Q178,,,,,,,,
,judsoN,https://artbase.rhizome.org/wiki/Q4721,,,,,,,,
,julian konczak,https://artbase.rhizome.org/wiki/Q1075,,,,,,,,
,julie Morel,https://artbase.rhizome.org/wiki/Q725,,,,,,,,
,justin kemp,https://artbase.rhizome.org/wiki/Q1151,,,,,,,,
,k-u-n-s-t-k-a-m-m-e-r,https://artbase.rhizome.org/wiki/Q4736,,,,,,,,
,kanarinka akanarinak,https://artbase.rhizome.org/wiki/Q462,,,,,,,,
,katy shepherd,https://artbase.rhizome.org/wiki/Q872,,,,,,,,
,koki tanaka,https://artbase.rhizome.org/wiki/Q1126,,,,,,,,
,komninos zervos,https://artbase.rhizome.org/wiki/Q711,,,,,,,,
,laurie halsey brown,https://artbase.rhizome.org/wiki/Q56,,,,,,,,
,ld,https://artbase.rhizome.org/wiki/Q4685,,,,,,,,
,leila christine nadir,https://artbase.rhizome.org/wiki/Q1085,,,,,,,,
,lisa cianci,https://artbase.rhizome.org/wiki/Q623,,,,,,,,
,llll llll-llll,https://artbase.rhizome.org/wiki/Q57,,,,,,,,
,lucas kuzma,https://artbase.rhizome.org/wiki/Q579,,,,,,,,
,luis hernandez galvan,https://artbase.rhizome.org/wiki/Q47,,,,,,,,
,m a longbottom,https://artbase.rhizome.org/wiki/Q234,,,,,,,,
,maCk mCfarland,https://artbase.rhizome.org/wiki/Q923,,,,,,,,
,maja kalogera,https://artbase.rhizome.org/wiki/Q516,,,,,,,,
,manon de boer,https://artbase.rhizome.org/wiki/Q710,,,,,,,,
,marc garrett,https://artbase.rhizome.org/wiki/Q155,,,,,,,,
,marc lin,https://artbase.rhizome.org/wiki/Q938,,,,,,,,
,marcin ramocki,https://artbase.rhizome.org/wiki/Q822,,,,,,,,
,marco cadioli,https://artbase.rhizome.org/wiki/Q513,,,,,,,,
,maria miranda,https://artbase.rhizome.org/wiki/Q91,,,,,,,,
,mario garcia torres,https://artbase.rhizome.org/wiki/Q328,,,,,,,,
,mark burban,https://artbase.rhizome.org/wiki/Q1051,,,,,,,,
,mark cooley,https://artbase.rhizome.org/wiki/Q1109,,,,,,,,
,martin meyer,https://artbase.rhizome.org/wiki/Q1053,,,,,,,,
,mary flanagan,https://artbase.rhizome.org/wiki/Q169,,,,,,,,
,mateo,https://artbase.rhizome.org/wiki/Q4842,,,,,,,,
,matias viegener,https://artbase.rhizome.org/wiki/Q382,,,,,,,,
,matt Jones,https://artbase.rhizome.org/wiki/Q559,,,,,,,,
,matthew fuller,https://artbase.rhizome.org/wiki/Q576,,,,,,,,
,max Min,https://artbase.rhizome.org/wiki/Q638,,,,,,,,
,max hofmann,https://artbase.rhizome.org/wiki/Q177,,,,,,,,
,maximiliano paccagnella,https://artbase.rhizome.org/wiki/Q812,,,,,,,,
,mez breeze,https://artbase.rhizome.org/wiki/Q379,,,,,,,,
,micha one,https://artbase.rhizome.org/wiki/Q831,,,,,,,,
,michael bielicky,https://artbase.rhizome.org/wiki/Q193,,,,,,,,
,michael greathouse,https://artbase.rhizome.org/wiki/Q574,,,,,,,,
,michael johansson,https://artbase.rhizome.org/wiki/Q335,,,,,,,,
,michiel Knaven,https://artbase.rhizome.org/wiki/Q715,,,,,,,,
,mike salmond,https://artbase.rhizome.org/wiki/Q306,,,,,,,,
,moises mañas,https://artbase.rhizome.org/wiki/Q316,,,,,,,,
,mongo flattner,https://artbase.rhizome.org/wiki/Q355,,,,,,,,
,monica jacobo,https://artbase.rhizome.org/wiki/Q991,,,,,,,,
,murdim,https://artbase.rhizome.org/wiki/Q4718,,,,,,,,
,myron campbell,https://artbase.rhizome.org/wiki/Q1060,,,,,,,,
,nark bkb,https://artbase.rhizome.org/wiki/Q4761,,,,,,,,
,nathaniel stern,https://artbase.rhizome.org/wiki/Q901,,,,,,,,
,neil jenkins,https://artbase.rhizome.org/wiki/Q89,,,,,,,,
,nf nf,https://artbase.rhizome.org/wiki/Q981,,,,,,,,
,nicholas economos,https://artbase.rhizome.org/wiki/Q989,,,,,,,,
,nicolas clauss,https://artbase.rhizome.org/wiki/Q124,,,,,,,,
,nina wenhart,https://artbase.rhizome.org/wiki/Q628,,,,,,,,
,nungu,https://artbase.rhizome.org/wiki/Q4701,,,,,,,,
,oooooo,https://artbase.rhizome.org/wiki/Q4791,,,,,,,,
,owen plotkin,https://artbase.rhizome.org/wiki/Q358,,,,,,,,
,pash*,https://artbase.rhizome.org/wiki/Q4769,,,,,,,,
,paul catanese,https://artbase.rhizome.org/wiki/Q200,,,,,,,,
,paul loftus murnaghan,https://artbase.rhizome.org/wiki/Q54,,,,,,,,
,paul prudenci,https://artbase.rhizome.org/wiki/Q802,,,,,,,,
,permeable,https://artbase.rhizome.org/wiki/Q4854,,,,,,,,
,peter nidzgorski,https://artbase.rhizome.org/wiki/Q240,,,,,,,,
,philip wood,https://artbase.rhizome.org/wiki/Q442,,,,,,,,
,phillip warnell,https://artbase.rhizome.org/wiki/Q524,,,,,,,,
,pirusanta,https://artbase.rhizome.org/wiki/Q4713,,,,,,,,
,redlizard redlizard,https://artbase.rhizome.org/wiki/Q1131,,,,,,,,
,reform communications,https://artbase.rhizome.org/wiki/Q4794,,,,,,,,
,restate,https://artbase.rhizome.org/wiki/Q951,,,,,,,,
,roman keller,https://artbase.rhizome.org/wiki/Q704,,,,,,,,
,ruben coen cagli,https://artbase.rhizome.org/wiki/Q383,,,,,,,,
,ruth catlow,https://artbase.rhizome.org/wiki/Q263,,,,,,,,
,ryan griffis,https://artbase.rhizome.org/wiki/Q1082,,,,,,,,
,sachiko hayashi,https://artbase.rhizome.org/wiki/Q1045,,,,,,,,
,sandra antunes,https://artbase.rhizome.org/wiki/Q911,,,,,,,,
,santiago ortiz,https://artbase.rhizome.org/wiki/Q634,,,,,,,,
,shane davenport,https://artbase.rhizome.org/wiki/Q759,,,,,,,,
,shawn caza,https://artbase.rhizome.org/wiki/Q104,,,,,,,,
,shirin Kouladjie,https://artbase.rhizome.org/wiki/Q687,,,,,,,,
,sinae kim,https://artbase.rhizome.org/wiki/Q242,,,,,,,,
,sistero mauro-flude,https://artbase.rhizome.org/wiki/Q1041,,,,,,,,
,sonya nielsen,https://artbase.rhizome.org/wiki/Q210,,,,,,,,
,stephanie boisset,https://artbase.rhizome.org/wiki/Q258,,,,,,,,
,stephanie rothenberg,https://artbase.rhizome.org/wiki/Q61,,,,,,,,
,stephenaustin,https://artbase.rhizome.org/wiki/Q912,,,,,,,,
,submeta pehuet xavier,https://artbase.rhizome.org/wiki/Q821,,,,,,,,
,sufilala,https://artbase.rhizome.org/wiki/Q4875,,,,,,,,
,sung-yoon jung,https://artbase.rhizome.org/wiki/Q416,,,,,,,,
,taras hrabowsky,https://artbase.rhizome.org/wiki/Q570,,,,,,,,
,ted davis,https://artbase.rhizome.org/wiki/Q1066,,,,,,,,
,ted kane,https://artbase.rhizome.org/wiki/Q454,,,,,,,,
,termy,https://artbase.rhizome.org/wiki/Q60,,,,,,,,
,tete alvarez,https://artbase.rhizome.org/wiki/Q626,,,,,,,,
,thomas charveriat,https://artbase.rhizome.org/wiki/Q202,,,,,,,,
,tobias c. van Veen,https://artbase.rhizome.org/wiki/Q927,,,,,,,,
,tore terrasi,https://artbase.rhizome.org/wiki/Q80,,,,,,,,
,toxi,https://artbase.rhizome.org/wiki/Q4788,,,,,,,,
,trip Dixon,https://artbase.rhizome.org/wiki/Q971,,,,,,,,
,trish maud,https://artbase.rhizome.org/wiki/Q544,,,,,,,,
,ui uuii,https://artbase.rhizome.org/wiki/Q484,,,,,,,,
,ulei,https://artbase.rhizome.org/wiki/Q4686,,,,,,,,
,valentina nisi,https://artbase.rhizome.org/wiki/Q1084,,,,,,,,
,vicky isley,https://artbase.rhizome.org/wiki/Q96,,,,,,,,
,visakh menon,https://artbase.rhizome.org/wiki/Q1104,,,,,,,,
,wayne clements,https://artbase.rhizome.org/wiki/Q1001,,,,,,,,
,xavier cahen,https://artbase.rhizome.org/wiki/Q848,,,,,,,,
,xtine burrough,https://artbase.rhizome.org/wiki/Q275,,,,,,,,
,yoke zoom,https://artbase.rhizome.org/wiki/Q466,,,,,,,,
,yueh hsiu giffen Cheng,https://artbase.rhizome.org/wiki/Q855,,,,,,,,
,zarinmedia,https://artbase.rhizome.org/wiki/Q4744,,,,,,,,
,zevan rosser,https://artbase.rhizome.org/wiki/Q44,,,,,,,,
,zohar kfir,https://artbase.rhizome.org/wiki/Q270,,,,,,,,
,Åsmund Gamlesaeter,https://artbase.rhizome.org/wiki/Q4852,,,,,,,,
,Franco Mattes,https://artbase.rhizome.org/entity/Q132,1.00E+14,https://artbase.rhizome.org/entity/Q1167,,,,,,
,Simon Pope,https://artbase.rhizome.org/entity/Q40,I/O/D,https://artbase.rhizome.org/entity/Q718,,,,,,
,Mendi Lewis Obadike,https://artbase.rhizome.org/entity/Q4473,Mendi+Keith Obadike,https://artbase.rhizome.org/entity/Q32,,,,,,
,Keith Obadike,https://artbase.rhizome.org/entity/Q4474,Mendi+Keith Obadike,https://artbase.rhizome.org/entity/Q32,,,,,,
,lizvlx,https://artbase.rhizome.org/entity/Q4978,UBERMORGEN,https://artbase.rhizome.org/entity/Q1166,,,,,,
,matthew fuller,https://artbase.rhizome.org/entity/Q576,I/O/D,https://artbase.rhizome.org/entity/Q718,,,,,,
,Colin Green,https://artbase.rhizome.org/entity/Q592,I/O/D,https://artbase.rhizome.org/entity/Q718,,,,,,
,Eva Mattes,https://artbase.rhizome.org/entity/Q619,1.00E+14,https://artbase.rhizome.org/entity/Q1167,,,,,,
,HANS BERNHARD,https://artbase.rhizome.org/entity/Q644,UBERMORGEN,https://artbase.rhizome.org/entity/Q1166,,,,,,
,Brian House,https://artbase.rhizome.org/entity/Q4680,Knifeandfork,https://artbase.rhizome.org/entity/Q4682,,,,,,
,Sue Huang,https://artbase.rhizome.org/entity/Q4681,Knifeandfork,https://artbase.rhizome.org/entity/Q4682,,,,,,
,Toby Heys,https://artbase.rhizome.org/entity/Q4706,AUDiNT,https://artbase.rhizome.org/entity/Q4705,,,,,,
,Steve Goodman,https://artbase.rhizome.org/entity/Q4707,AUDiNT,https://artbase.rhizome.org/entity/Q4705,,,,,,
,Jon Cohrs,https://artbase.rhizome.org/entity/Q4708,AUDiNT,https://artbase.rhizome.org/entity/Q4705,,,,,,
,GRAF,https://artbase.rhizome.org/entity/Q4725,GRAF+ZYX,https://artbase.rhizome.org/entity/Q4724,,,,,,
,ZYX,https://artbase.rhizome.org/entity/Q4726,GRAF+ZYX,https://artbase.rhizome.org/entity/Q4724,,,,,,
,Sam Gould,https://artbase.rhizome.org/entity/Q4740,Red76,https://artbase.rhizome.org/entity/Q4739,,,,,,
,Gabriel Mindel Saloman,https://artbase.rhizome.org/entity/Q4741,Red76,https://artbase.rhizome.org/entity/Q4739,,,,,,
,Clemente Pestelli,https://artbase.rhizome.org/entity/Q4750,Les Liens Invisibles,https://artbase.rhizome.org/entity/Q4749,,,,,,
,Gionatan Quintini,https://artbase.rhizome.org/entity/Q4751,Les Liens Invisibles,https://artbase.rhizome.org/entity/Q4749,,,,,,
,Carmen González,https://artbase.rhizome.org/entity/Q4778,DreamAddictive,https://artbase.rhizome.org/entity/Q4777,,,,,,
,Leslie García,https://artbase.rhizome.org/entity/Q4779,DreamAddictive,https://artbase.rhizome.org/entity/Q4777,,,,,,
,jean\_f Blanquet,https://artbase.rhizome.org/entity/Q4801,projectsinge,https://artbase.rhizome.org/entity/Q4800,,,,,,
,Florent Roussel,https://artbase.rhizome.org/entity/Q4802,projectsinge,https://artbase.rhizome.org/entity/Q4800,,,,,,
,Jérôme Blanquet,https://artbase.rhizome.org/entity/Q4803,projectsinge,https://artbase.rhizome.org/entity/Q4800,,,,,,
,Janna Holmstedt,https://artbase.rhizome.org/entity/Q4811,Trial and Error,https://artbase.rhizome.org/entity/Q4810,,,,,,
,Po Hagström,https://artbase.rhizome.org/entity/Q4812,Trial and Error,https://artbase.rhizome.org/entity/Q4810,,,,,,
,Heidi Bi,https://artbase.rhizome.org/entity/Q4821,Glebe Drifters,https://artbase.rhizome.org/entity/Q4820,,,,,,
,Mathieu Gervaise,https://artbase.rhizome.org/entity/Q4822,Glebe Drifters,https://artbase.rhizome.org/entity/Q4820,,,,,,
,Annette Ekin,https://artbase.rhizome.org/entity/Q4823,Glebe Drifters,https://artbase.rhizome.org/entity/Q4820,,,,,,
,Sarah Froeb,https://artbase.rhizome.org/entity/Q4824,Glebe Drifters,https://artbase.rhizome.org/entity/Q4820,,,,,,
,Charlotte Wheatley,https://artbase.rhizome.org/entity/Q4825,Glebe Drifters,https://artbase.rhizome.org/entity/Q4820,,,,,,
,Yves Degoyon,https://artbase.rhizome.org/entity/Q4839,Hackitectura,https://artbase.rhizome.org/entity/Q4748,,,,,,
,Stefano Marotta,https://artbase.rhizome.org/entity/Q4844,MAROTTA & RUSSO,https://artbase.rhizome.org/entity/Q4843,,,,,,
,Roberto Russo,https://artbase.rhizome.org/entity/Q4845,MAROTTA & RUSSO,https://artbase.rhizome.org/entity/Q4843,,,,,,
,Grischinka Teufl,https://artbase.rhizome.org/entity/Q4873,Dune & Devil,https://artbase.rhizome.org/entity/Q4872,,,,,,
,Tina van Duyne,https://artbase.rhizome.org/entity/Q4874,Dune & Devil,https://artbase.rhizome.org/entity/Q4872,,,,,,
,Caitlin Denny,https://artbase.rhizome.org/entity/Q12035,Jst Chillin,https://artbase.rhizome.org/entity/Q283,,,,,,
,Parker Ito,https://artbase.rhizome.org/entity/Q12036,Jst Chillin,https://artbase.rhizome.org/entity/Q283,,,,,,
,Michaël Samyn,https://artbase.rhizome.org/entity/Q12050,Entropy8Zuper,https://artbase.rhizome.org/entity/Q101,,,,,,
,Auriea Harvey,https://artbase.rhizome.org/entity/Q12051,Entropy8Zuper,https://artbase.rhizome.org/entity/Q101,,,,,,
,Alison Craighead,https://artbase.rhizome.org/entity/Q12062,Thomson & Craighead,https://artbase.rhizome.org/entity/Q501,,,,,,
,Jon Thomson,https://artbase.rhizome.org/entity/Q12063,Thomson & Craighead,https://artbase.rhizome.org/entity/Q501,,,,,,
,Alvar Freude,https://artbase.rhizome.org/entity/Q12064,Delirium Arts,https://artbase.rhizome.org/entity/Q12066,,,,,,
,Peter Scheerer,https://artbase.rhizome.org/entity/Q12065,Delirium Arts,https://artbase.rhizome.org/entity/Q12066,,,,,,